ad_id,campaign_id,fb_campaign_id,age,gender,Shares,Impressions,Clicks,Spent,Total_Conversion,Approved_Conversion,Date,State,Sale Amount,Ad Manager,Ad_group,Campaign 
8946,4044,1034044,30-34,M,15,7350,1,1.429999948,2,1,1/1/2015,New York,9.99,Tina,Ad Group D,Campaign 1
8949,4044,103917,30-34,M,16,17861,2,1.820000023,2,0,1/2/2015,California,9.99,Jess,Ad Group D,Campaign 1
9015,4044,103928,30-34,M,28,4259,1,1.25,1,0,1/3/2015,Washington,9.99,Tom,Ad Group A,Campaign 3
9018,4044,103928,30-34,M,28,4133,1,1.289999962,1,1,1/4/2015,New York,9.99,Jess,Ad Group E,Campaign 1
9089,4044,103940,30-34,M,15,15615,3,4.769999981,1,0,1/5/2015,Oregon,9.99,Tom,Ad Group A,Campaign 3
9095,4044,103941,30-34,M,16,10951,1,1.269999981,1,1,1/6/2015,Washington,9.99,Jess,Ad Group B,Campaign 2
9153,4044,103951,30-34,M,27,2355,1,1.5,1,0,1/7/2015,New York,9.99,Tina,Ad Group D,Campaign 1
9158,4044,103952,30-34,M,28,9502,3,3.159999967,1,0,1/8/2015,California,9.99,Tina,Ad Group D,Campaign 1
9259,4044,103968,30-34,M,20,14669,7,10.28000021,1,1,1/9/2015,Oregon,9.99,Jess,Ad Group A,Campaign 3
9315,4044,103978,30-34,M,30,2305,1,0.569999993,1,0,1/10/2015,New York,9.99,Tom,Ad Group E,Campaign 1
9379,4044,103988,35-39,M,15,4627,1,1.690000057,1,0,1/11/2015,Oregon,9.99,Jess,Ad Group A,Campaign 3
9383,4044,103989,35-39,M,16,21026,4,4.630000114,2,1,1/12/2015,Washington,9.99,Tom,Ad Group B,Campaign 2
9523,4044,104012,35-39,M,15,7132,2,2.609999895,1,0,1/13/2015,California,9.99,Jess,Ad Group D,Campaign 1
9526,4044,104013,35-39,M,16,12190,2,3.049999952,1,0,1/14/2015,Oregon,9.99,Tina,Ad Group D,Campaign 1
9527,4044,104013,35-39,M,16,12193,2,3.059999943,1,1,1/15/2015,Washington,9.99,Tina,Ad Group A,Campaign 3
9744,4044,104049,35-39,M,29,7440,2,2.980000019,1,1,1/16/2015,Oregon,9.99,Jess,Ad Group E,Campaign 1
9814,4044,104061,40-44,M,16,19113,4,5.5200001,1,0,1/17/2015,Washington,9.99,Tom,Ad Group A,Campaign 3
9956,4044,104085,40-44,M,16,10976,2,1.690000057,1,1,1/18/2015,New York,9.99,Jess,Ad Group B,Campaign 2
10101,4044,104109,40-44,M,16,23817,7,8.470000148,1,1,1/19/2015,Illinois,9.99,Tom,Ad Group D,Campaign 1
10245,4044,104133,45-49,M,16,47224,12,15.82000017,1,0,1/20/2015,Washington,9.99,Jess,Ad Group D,Campaign 1
10288,4044,104140,45-49,M,24,2283,1,1.470000029,1,0,1/21/2015,New York,9.99,Tina,Ad Group A,Campaign 3
10560,4044,104185,45-49,M,21,2182,1,1.529999971,1,1,1/22/2015,California,9.99,Tina,Ad Group E,Campaign 1
10680,4044,104205,30-34,F,16,57665,14,18.06999969,1,1,1/23/2015,New Mexico,9.99,Jess,Ad Group A,Campaign 3
10771,4044,104220,30-34,F,32,3091,1,1.610000014,1,1,1/24/2015,New York,9.99,Tom,Ad Group B,Campaign 2
10817,4044,104228,30-34,F,15,5014,1,1.190000057,1,0,1/25/2015,California,9.99,Jess,Ad Group D,Campaign 1
10823,4044,104229,30-34,F,16,38726,7,9.220000267,1,0,1/26/2015,Oregon,9.99,Tom,Ad Group D,Campaign 1
10963,4044,104252,30-34,F,15,5369,1,1.50999999,1,0,1/27/2015,Texas,9.99,Jess,Ad Group A,Campaign 3
11036,4044,104265,30-34,F,29,22221,7,9.430000067,1,1,1/28/2015,Florida,9.99,Tina,Ad Group E,Campaign 1
11080,4044,104272,30-34,F,65,13019,5,6.960000038,1,0,1/29/2015,Washington,9.99,Tina,Ad Group A,Campaign 3
11161,4044,104285,35-39,F,25,2508,1,1.220000029,1,0,1/30/2015,New York,9.99,Jess,Ad Group B,Campaign 2
11168,4044,104287,35-39,F,27,5864,2,2.799999952,1,1,1/31/2015,California,9.99,Tom,Ad Group D,Campaign 1
11417,4044,104328,35-39,F,20,2783,1,1.600000024,1,0,2/1/2015,Oregon,9.99,Jess,Ad Group D,Campaign 1
11823,4044,104396,40-44,F,15,3812,1,1.129999995,2,1,2/2/2015,Washington,9.99,Tom,Ad Group B,Campaign 2
11964,4044,104419,45-49,F,10,11199,4,5.730000019,1,1,2/3/2015,New York,9.99,Jess,Ad Group D,Campaign 1
12077,4044,104438,45-49,F,63,17572,7,9.379999995,1,0,2/4/2015,Oregon,9.99,Tina,Ad Group D,Campaign 1
34410,312,108654,30-34,M,10,13329,4,5.629999995,1,1,2/5/2015,Texas,9.99,Tina,Ad Group A,Campaign 3
34415,312,108655,30-34,M,15,13659,3,3.840000033,1,0,2/6/2015,Florida,9.99,Jess,Ad Group E,Campaign 1
34490,312,108668,30-34,M,29,5374,1,1.039999962,4,0,2/7/2015,California,9.99,Tom,Ad Group A,Campaign 3
34552,312,108678,35-39,M,10,4423,1,1.460000038,1,1,2/8/2015,New York,9.99,Jess,Ad Group B,Campaign 2
34561,312,108680,35-39,M,16,12382,2,2.839999914,1,1,2/9/2015,California,9.99,Tom,Ad Group D,Campaign 1
34581,312,108683,35-39,M,20,2938,1,1.350000024,1,1,2/10/2015,Oregon,9.99,Jess,Ad Group D,Campaign 1
34621,312,108690,35-39,M,27,10332,4,5.75,1,0,2/11/2015,Texas,9.99,Tina,Ad Group B,Campaign 2
34627,312,108691,35-39,M,28,8259,3,3.980000019,1,0,2/12/2015,Florida,9.99,Tina,Ad Group D,Campaign 1
34633,312,108692,35-39,M,29,12158,3,4.449999928,1,0,2/13/2015,Illinois,9.99,Jess,Ad Group D,Campaign 1
34782,312,108716,40-44,M,29,7709,2,1.320000052,2,0,2/14/2015,Washington,9.99,Tom,Ad Group A,Campaign 3
34926,312,108740,45-49,M,29,10466,3,4.090000033,1,0,2/15/2015,Washington,9.99,Jess,Ad Group E,Campaign 1
34985,312,108750,30-34,F,10,5576,1,1.529999971,1,1,2/16/2015,California,9.99,Tom,Ad Group A,Campaign 3
34996,312,108752,30-34,F,16,39337,7,10.03000009,1,1,2/17/2015,Washington,9.99,Jess,Ad Group B,Campaign 2
35052,312,108761,30-34,F,26,13479,3,4.25,1,0,2/18/2015,Florida,9.99,Tina,Ad Group D,Campaign 1
35054,312,108762,30-34,F,27,57022,13,20.29000032,3,3,2/19/2015,Illinois,9.99,Tina,Ad Group D,Campaign 1
35056,312,108762,30-34,F,27,5453,1,1.389999986,1,1,2/20/2015,Washington,9.99,Jess,Ad Group B,Campaign 2
35066,312,108764,30-34,F,29,11803,3,4.440000057,1,0,2/21/2015,New York,9.99,Tom,Ad Group D,Campaign 1
35081,312,108766,30-34,F,31,4259,1,1.570000052,1,1,2/22/2015,California,9.99,Jess,Ad Group D,Campaign 1
35103,312,108770,30-34,F,64,5323,1,1.289999962,1,1,2/23/2015,Washington,9.99,Tom,Ad Group A,Campaign 3
35125,312,108774,35-39,F,10,5024,1,1.409999967,1,1,2/24/2015,New York,9.99,Jess,Ad Group E,Campaign 1
35139,312,108776,35-39,F,16,104648,24,33.33000004,4,2,2/25/2015,California,9.99,Tina,Ad Group A,Campaign 3
35168,312,108781,35-39,F,22,8504,3,3.340000093,1,1,2/26/2015,Oregon,9.99,Tina,Ad Group B,Campaign 2
35199,312,108786,35-39,F,27,20277,6,8.050000072,1,0,2/27/2015,Washington,9.99,Jess,Ad Group D,Campaign 1
35214,312,108788,35-39,F,29,12403,4,5.210000038,1,1,2/28/2015,New York,9.99,Tom,Ad Group D,Campaign 1
35340,312,108809,40-44,F,26,6907,2,2.349999964,1,0,3/1/2015,Oregon,9.99,Jess,Ad Group B,Campaign 2
35343,312,108810,40-44,F,27,39035,13,19.32999957,1,0,3/2/2015,Washington,9.99,Tom,Ad Group D,Campaign 1
35384,312,108817,40-44,F,63,4412,1,1.450000048,1,0,3/3/2015,California,9.99,Jess,Ad Group D,Campaign 1
35389,312,108818,40-44,F,64,9965,3,4.050000072,1,0,3/4/2015,Georgia,9.99,Tina,Ad Group A,Campaign 3
35413,312,108822,45-49,F,10,73634,23,32.97999978,1,0,3/5/2015,Washington,9.99,Tina,Ad Group E,Campaign 1
35420,312,108823,45-49,F,15,69708,20,31.28999949,1,0,3/6/2015,New York,9.99,Jess,Ad Group A,Campaign 3
35447,312,108827,45-49,F,20,14257,6,8.789999962,1,0,3/7/2015,Florida,9.99,Tom,Ad Group B,Campaign 2
35489,312,108834,45-49,F,27,20362,5,9.119999886,1,1,3/8/2015,Illinois,9.99,Jess,Ad Group D,Campaign 1
35490,312,108834,45-49,F,27,12215,4,6.26000011,1,0,3/9/2015,Washington,9.99,Tom,Ad Group D,Campaign 1
35498,312,108836,45-49,F,29,85412,28,38.63999999,2,1,3/10/2015,South Carolina,9.99,Jess,Ad Group B,Campaign 2
37069,312,109448,30-34,M,2,2338,1,0.239999995,1,0,3/11/2015,California,9.99,Tina,Ad Group D,Campaign 1
37188,312,109472,30-34,M,28,3891,1,1.090000033,1,0,3/12/2015,California,9.99,Tina,Ad Group D,Campaign 1
37330,312,109507,35-39,M,16,11199,2,2.680000067,1,0,3/13/2015,Texas,9.99,Jess,Ad Group A,Campaign 3
37520,312,109553,35-39,M,63,5676,2,3.00999999,1,0,3/14/2015,Florida,9.99,Tom,Ad Group E,Campaign 1
37724,312,109601,40-44,M,30,2148,1,1.580000043,1,1,3/15/2015,Washington,9.99,Jess,Ad Group A,Campaign 3
37844,312,109629,45-49,M,16,45401,10,14.06000042,1,0,3/16/2015,New York,9.99,Tom,Ad Group B,Campaign 2
37857,312,109633,45-49,M,18,7478,2,2.900000095,1,1,3/17/2015,California,9.99,Jess,Ad Group D,Campaign 1
37858,312,109633,45-49,M,18,4919,1,1.590000033,1,0,3/18/2015,Oregon,9.99,Tina,Ad Group D,Campaign 1
38096,312,109689,30-34,F,16,17553,3,4.590000153,1,0,3/19/2015,California,9.99,Tina,Ad Group B,Campaign 2
38131,312,109698,30-34,F,20,3343,1,0.540000021,1,0,3/20/2015,Oregon,9.99,Jess,Ad Group D,Campaign 1
38206,312,109717,30-34,F,27,34740,7,13.41000009,1,1,3/21/2015,Texas,9.99,Tom,Ad Group D,Campaign 1
38507,312,109788,35-39,F,31,3010,1,0.860000014,1,1,3/22/2015,Washington,9.99,Jess,Ad Group A,Campaign 3
38589,312,109808,40-44,F,10,27081,9,10.77000046,1,1,3/23/2015,New York,9.99,Tom,Ad Group E,Campaign 1
38608,312,109813,40-44,F,16,20233,4,5.590000153,3,0,3/24/2015,California,9.99,Jess,Ad Group A,Campaign 3
38613,312,109813,40-44,F,16,147159,36,58.16000044,3,1,3/25/2015,Oregon,9.99,Tina,Ad Group B,Campaign 2
38623,312,109816,40-44,F,18,21664,7,10.61999977,1,1,3/26/2015,Main,9.99,Tina,Ad Group D,Campaign 1
38636,312,109820,40-44,F,19,9112,4,5.460000038,1,1,3/27/2015,New York,9.99,Jess,Ad Group D,Campaign 1
38782,312,109848,45-49,F,10,46150,15,20.17999983,1,1,3/28/2015,South Carolina,9.99,Tom,Ad Group B,Campaign 2
38792,312,109850,45-49,F,16,493821,116,176.3799977,4,1,3/29/2015,California,9.99,Jess,Ad Group D,Campaign 1
38793,312,109850,45-49,F,16,92011,27,34.39000046,2,1,3/30/2015,California,9.99,Tom,Ad Group D,Campaign 1
38798,312,109851,45-49,F,18,12956,4,5.49000001,1,1,3/31/2015,Texas,9.99,Jess,Ad Group A,Campaign 3
38837,312,109857,45-49,F,24,944,1,1.419999957,1,0,4/1/2015,Florida,9.99,Tina,Ad Group E,Campaign 1
38848,312,109859,45-49,F,26,111090,38,51.97000027,5,1,4/2/2015,Washington,9.99,Tina,Ad Group A,Campaign 3
47412,312,110836,30-34,M,10,7208,2,3.190000057,1,0,4/3/2015,New York,9.99,Jess,Ad Group B,Campaign 2
47422,312,110838,30-34,M,16,12489,2,1.960000038,1,0,4/4/2015,California,9.99,Tom,Ad Group D,Campaign 1
47423,312,110838,30-34,M,16,8032,1,0.600000024,2,0,4/5/2015,Oregon,9.99,Jess,Ad Group D,Campaign 1
47562,312,110861,35-39,M,15,4607,1,1.149999976,1,1,4/6/2015,California,9.99,Tom,Ad Group B,Campaign 2
47569,312,110862,35-39,M,16,13355,2,3.180000067,1,1,4/7/2015,Oregon,9.99,Jess,Ad Group D,Campaign 1
47601,312,110867,35-39,M,22,2793,1,0.980000019,1,1,4/8/2015,Texas,9.99,Tina,Ad Group D,Campaign 1
47689,312,110882,40-44,M,2,4016,2,1.480000049,1,1,4/9/2015,Washington,9.99,Tina,Ad Group A,Campaign 3
47714,312,110886,40-44,M,16,14843,3,2.939999938,1,1,4/10/2015,New York,9.99,Jess,Ad Group E,Campaign 1
47845,312,110908,45-49,M,10,9674,3,4.600000024,1,1,4/11/2015,California,9.99,Tom,Ad Group A,Campaign 3
47859,312,110910,45-49,M,16,12186,2,2.669999957,1,0,4/12/2015,Oregon,9.99,Jess,Ad Group B,Campaign 2
47991,312,110932,30-34,F,10,31393,8,10.96000051,1,1,4/13/2015,Main,9.99,Tom,Ad Group D,Campaign 1
47995,312,110933,30-34,F,15,8410,2,2.359999895,1,1,4/14/2015,New York,9.99,Jess,Ad Group D,Campaign 1
47998,312,110934,30-34,F,16,25884,5,7.350000143,1,0,4/15/2015,South Carolina,9.99,Tina,Ad Group B,Campaign 2
48028,312,110939,30-34,F,22,28488,10,9.340000033,1,0,4/16/2015,California,9.99,Tina,Ad Group D,Campaign 1
48052,312,110943,30-34,F,26,10126,3,4.619999886,1,0,4/17/2015,California,9.99,Jess,Ad Group D,Campaign 1
48059,312,110944,30-34,F,27,22572,5,8.5,1,0,4/18/2015,Texas,9.99,Tom,Ad Group A,Campaign 3
48191,312,110966,35-39,F,25,4868,2,2.420000076,1,0,4/19/2015,Florida,9.99,Jess,Ad Group E,Campaign 1
48200,312,110967,35-39,F,26,6585,2,2.950000048,1,0,4/20/2015,Washington,9.99,Tom,Ad Group A,Campaign 3
48207,312,110968,35-39,F,27,10164,2,3.720000029,1,1,4/21/2015,New York,9.99,Jess,Ad Group B,Campaign 2
48214,312,110970,35-39,F,29,11182,4,4.449999809,1,0,4/22/2015,California,9.99,Tina,Ad Group D,Campaign 1
48286,312,110982,40-44,F,16,34127,8,13.07000017,1,0,4/23/2015,Oregon,9.99,Tina,Ad Group D,Campaign 1
48287,312,110982,40-44,F,16,29466,7,10.84999967,2,0,4/24/2015,California,9.99,Jess,Ad Group B,Campaign 2
48289,312,110982,40-44,F,16,38759,9,10.84999967,1,0,4/25/2015,Oregon,9.99,Tom,Ad Group D,Campaign 1
48291,312,110982,40-44,F,16,41720,10,12.06000006,1,1,4/26/2015,Texas,9.99,Jess,Ad Group D,Campaign 1
48425,312,111005,45-49,F,15,18602,5,8.860000134,1,0,4/27/2015,Washington,9.99,Tom,Ad Group A,Campaign 3
48430,312,111006,45-49,F,16,83929,21,27.72999954,4,1,4/28/2015,New York,9.99,Jess,Ad Group E,Campaign 1
48431,312,111006,45-49,F,16,25194,6,7.349999905,1,0,4/29/2015,California,9.99,Tina,Ad Group A,Campaign 3
48433,312,111006,45-49,F,16,78627,19,26.53000045,1,0,4/30/2015,Oregon,9.99,Tina,Ad Group B,Campaign 2
48435,312,111006,45-49,F,16,102695,25,39.42999983,3,0,5/1/2015,Main,9.99,Jess,Ad Group D,Campaign 1
48494,312,111016,45-49,F,27,82827,24,47.93000031,3,0,5/2/2015,New York,9.99,Tom,Ad Group D,Campaign 1
48495,312,111016,45-49,F,27,9240,3,6.039999962,1,0,5/3/2015,South Carolina,9.99,Jess,Ad Group B,Campaign 2
48503,312,111018,45-49,F,29,7706,2,2.369999886,1,0,5/4/2015,California,9.99,Tom,Ad Group D,Campaign 1
48514,312,111020,45-49,F,31,7821,4,6.340000153,1,1,5/5/2015,California,9.99,Jess,Ad Group D,Campaign 1
76522,312,115485,45-49,F,16,119063,34,53.21999949,1,0,5/6/2015,Texas,9.99,Tina,Ad Group A,Campaign 3
76523,312,115485,45-49,F,16,99078,23,35.79999948,2,0,5/7/2015,Florida,9.99,Tina,Ad Group E,Campaign 1
76525,312,115485,45-49,F,16,452398,114,180.2200012,1,0,5/8/2015,Washington,9.99,Jess,Ad Group A,Campaign 3
76534,312,115487,45-49,F,10,191223,48,76.41000056,1,0,5/9/2015,New York,9.99,Tom,Ad Group B,Campaign 2
76536,312,115487,45-49,F,10,22216,6,9.549999952,1,0,5/10/2015,California,9.99,Jess,Ad Group D,Campaign 1
76538,312,115487,45-49,F,10,48291,11,18.01999998,1,0,5/11/2015,Oregon,9.99,Tom,Ad Group D,Campaign 1
76553,312,115490,40-44,F,63,27559,8,13.37,1,0,5/12/2015,California,9.99,Jess,Ad Group B,Campaign 2
76573,312,115493,45-49,F,25,10194,4,4.590000033,2,1,5/13/2015,Oregon,9.99,Tina,Ad Group D,Campaign 1
76605,312,115498,45-49,F,21,40126,16,25.86000001,1,0,5/14/2015,Texas,9.99,Tina,Ad Group D,Campaign 1
76616,312,115500,45-49,F,19,3659,1,0.49000001,1,1,5/15/2015,Washington,9.99,Jess,Ad Group A,Campaign 3
76664,312,115508,45-49,F,29,7550,1,1.679999948,1,1,5/16/2015,New York,9.99,Tom,Ad Group E,Campaign 1
76669,312,115509,45-49,F,28,45397,15,25.41999312,1,1,5/17/2015,California,9.99,Jess,Ad Group A,Campaign 3
76673,312,115510,30-34,M,16,23086,2,3.310000062,1,1,5/18/2015,Oregon,9.99,Tom,Ad Group B,Campaign 2
76675,312,115510,30-34,M,16,16425,1,1.549999952,1,0,5/19/2015,Main,9.99,Jess,Ad Group D,Campaign 1
76676,312,115510,30-34,M,16,43756,5,5.439999938,0,0,5/20/2015,New York,9.99,Tina,Ad Group D,Campaign 1
76689,312,115512,45-49,F,26,175389,55,81.60999787,1,0,5/21/2015,South Carolina,9.99,Tina,Ad Group B,Campaign 2
76715,312,115517,45-49,F,65,12706,3,4.98999989,1,1,5/22/2015,California,9.99,Jess,Ad Group D,Campaign 1
76719,312,115517,45-49,F,65,70702,20,31.7099998,1,0,5/23/2015,California,9.99,Tom,Ad Group D,Campaign 1
76733,312,115520,45-49,F,63,63927,16,25.52000046,2,0,5/24/2015,Texas,9.99,Jess,Ad Group A,Campaign 3
76734,312,115520,45-49,F,63,15105,3,4.25999999,1,0,5/25/2015,Florida,9.99,Tom,Ad Group E,Campaign 1
76738,312,115521,30-34,F,15,8774,1,1.830000043,1,0,5/26/2015,Washington,9.99,Jess,Ad Group A,Campaign 3
76751,312,115523,30-34,F,16,14459,1,1.389999986,1,0,5/27/2015,New York,9.99,Tina,Ad Group B,Campaign 2
76752,312,115523,30-34,F,16,21596,2,2.809999943,1,0,5/28/2015,California,9.99,Tina,Ad Group D,Campaign 1
76753,312,115523,30-34,F,16,66765,8,11.04999971,1,0,5/29/2015,Oregon,9.99,Jess,Ad Group D,Campaign 1
76779,312,115527,30-34,F,10,26910,5,7.229999781,1,0,5/30/2015,California,9.99,Tom,Ad Group B,Campaign 2
76815,312,115533,45-49,M,63,11988,3,4.269999862,1,0,5/31/2015,Oregon,9.99,Jess,Ad Group D,Campaign 1
76823,312,115535,45-49,M,64,19353,6,9.4799999,1,1,6/1/2015,Texas,9.99,Tom,Ad Group D,Campaign 1
76831,312,115536,40-44,M,29,10960,2,2.890000105,1,0,6/2/2015,Washington,9.99,Jess,Ad Group A,Campaign 3
76843,312,115538,30-34,M,15,33491,6,10.56999969,2,1,6/3/2015,New York,9.99,Tina,Ad Group E,Campaign 1
76844,312,115538,30-34,M,15,20083,2,3.200000048,2,1,6/4/2015,California,9.99,Tina,Ad Group A,Campaign 3
76861,312,115541,30-34,M,16,15466,1,0.970000029,1,0,6/5/2015,Oregon,9.99,Jess,Ad Group B,Campaign 2
76862,312,115541,30-34,M,16,27072,3,4.370000005,1,0,6/6/2015,Main,9.99,Tom,Ad Group D,Campaign 1
76863,312,115541,30-34,M,16,15753,1,0.569999993,1,1,6/7/2015,New York,9.99,Jess,Ad Group D,Campaign 1
76868,312,115542,40-44,M,19,3523,1,1.809999943,1,1,6/8/2015,South Carolina,9.99,Tom,Ad Group B,Campaign 2
76886,312,115545,40-44,M,16,18709,2,3.319999933,1,0,6/9/2015,California,9.99,Jess,Ad Group D,Campaign 1
76896,312,115547,30-34,M,10,7966,1,1.179999948,1,1,6/10/2015,California,9.99,Tina,Ad Group D,Campaign 1
76898,312,115547,30-34,M,10,12785,3,4.730000019,2,1,6/11/2015,Texas,9.99,Tina,Ad Group A,Campaign 3
76899,312,115547,30-34,M,10,8213,1,1.379999995,1,1,6/12/2015,Florida,9.99,Jess,Ad Group E,Campaign 1
76925,312,115552,40-44,M,23,2479,1,1.25999999,1,0,6/13/2015,Washington,9.99,Tom,Ad Group A,Campaign 3
76980,312,115561,40-44,M,2,3812,2,3.049999952,1,0,6/14/2015,New York,9.99,Jess,Ad Group B,Campaign 2
76999,312,115564,45-49,M,20,10257,3,3.579999924,1,1,6/15/2015,California,9.99,Tom,Ad Group D,Campaign 1
77017,312,115567,40-44,M,10,12356,4,6.279999971,1,0,6/16/2015,Oregon,9.99,Jess,Ad Group D,Campaign 1
77025,312,115568,45-49,M,18,7410,1,1.210000038,1,0,6/17/2015,California,9.99,Tina,Ad Group B,Campaign 2
77029,312,115569,45-49,M,16,140098,28,46.63000011,1,0,6/18/2015,Oregon,9.99,Tina,Ad Group D,Campaign 1
77031,312,115569,45-49,M,16,107021,20,34.44000012,1,0,6/19/2015,Texas,9.99,Jess,Ad Group D,Campaign 1
77040,312,115571,35-39,M,36,2797,1,1.289999962,1,0,6/20/2015,Washington,9.99,Tom,Ad Group A,Campaign 3
77061,312,115574,45-49,M,7,16461,6,9.21999979,1,0,6/21/2015,New York,9.99,Jess,Ad Group E,Campaign 1
77092,312,115580,40-44,M,63,17488,5,7.719999909,1,0,6/22/2015,California,9.99,Tom,Ad Group A,Campaign 3
77128,312,115586,35-39,M,10,9750,2,1.5,1,1,6/23/2015,Oregon,9.99,Jess,Ad Group B,Campaign 2
77305,312,115615,45-49,M,63,4333,1,0.180000007,1,1,6/24/2015,Main,9.99,Tina,Ad Group D,Campaign 1
77387,312,115629,40-44,M,27,11292,3,5.389999866,1,1,6/25/2015,New York,9.99,Tina,Ad Group D,Campaign 1
77398,312,115631,30-34,M,64,12729,4,5.779999852,1,0,6/26/2015,South Carolina,9.99,Jess,Ad Group B,Campaign 2
77435,312,115637,30-34,M,65,2883,1,0.99000001,1,1,6/27/2015,California,9.99,Tom,Ad Group D,Campaign 1
77448,312,115639,30-34,F,7,3989,1,1.279999971,1,0,6/28/2015,California,9.99,Jess,Ad Group D,Campaign 1
77461,312,115641,40-44,M,29,19603,4,5.279999971,1,1,6/29/2015,Texas,9.99,Tom,Ad Group A,Campaign 3
77582,312,115675,40-44,M,24,3047,1,1.379999995,1,0,6/30/2015,Florida,9.99,Jess,Ad Group E,Campaign 1
77598,312,115677,35-39,M,24,3029,1,1.049999952,1,1,7/1/2015,Washington,9.99,Tina,Ad Group A,Campaign 3
77610,312,115679,45-49,M,26,3490,1,1.340000033,1,1,7/2/2015,New York,9.99,Tina,Ad Group B,Campaign 2
77695,312,115693,40-44,M,19,19581,7,10.42999983,2,0,7/3/2015,California,9.99,Jess,Ad Group D,Campaign 1
77719,312,115697,45-49,M,29,19537,5,6.099999905,1,0,7/4/2015,Oregon,9.99,Tom,Ad Group D,Campaign 1
77825,312,115715,45-49,M,16,59433,12,19.65999949,3,0,7/5/2015,California,9.99,Jess,Ad Group B,Campaign 2
77827,312,115715,45-49,M,16,157534,33,56.19000077,2,0,7/6/2015,Oregon,9.99,Tom,Ad Group D,Campaign 1
77870,312,115723,40-44,M,16,23769,4,6.029999852,1,0,7/7/2015,Texas,9.99,Jess,Ad Group D,Campaign 1
77942,312,115735,35-39,M,64,4726,1,1.830000043,1,1,7/8/2015,Washington,9.99,Tina,Ad Group A,Campaign 3
77958,312,115737,30-34,M,19,5209,1,0.959999979,2,0,7/9/2015,New York,9.99,Tina,Ad Group E,Campaign 1
77994,312,115743,30-34,M,18,13473,3,2.619999945,3,0,7/10/2015,California,9.99,Jess,Ad Group A,Campaign 3
78071,312,115756,30-34,M,20,4616,1,1.360000014,1,0,7/11/2015,Oregon,9.99,Tom,Ad Group B,Campaign 2
78237,312,115784,35-39,M,27,14615,4,6.050000191,1,0,7/12/2015,Main,9.99,Jess,Ad Group D,Campaign 1
78248,312,115786,30-34,M,27,56615,12,19.88000035,2,0,7/13/2015,New York,9.99,Tom,Ad Group D,Campaign 1
78285,312,115792,30-34,M,26,11735,3,4.529999971,1,1,7/14/2015,South Carolina,9.99,Jess,Ad Group B,Campaign 2
78287,312,115792,30-34,M,26,15910,5,6.779999852,1,0,7/15/2015,California,9.99,Tina,Ad Group D,Campaign 1
78312,312,115796,35-39,M,29,11446,2,3.090000033,1,1,7/16/2015,California,9.99,Tina,Ad Group D,Campaign 1
78356,312,115804,30-34,M,28,9388,2,3.140000105,1,0,7/17/2015,Texas,9.99,Jess,Ad Group A,Campaign 3
78361,312,115804,30-34,M,28,17954,6,7.5400002,2,1,7/18/2015,Florida,9.99,Tom,Ad Group E,Campaign 1
78464,312,115822,40-44,F,27,8152,1,0.99000001,1,0,7/19/2015,Washington,9.99,Jess,Ad Group A,Campaign 3
78466,312,115822,40-44,F,27,74542,19,34.1500001,1,0,7/20/2015,New York,9.99,Tom,Ad Group B,Campaign 2
78621,312,115848,40-44,F,20,6699,2,3.090000033,1,0,7/21/2015,California,9.99,Jess,Ad Group D,Campaign 1
78622,312,115848,40-44,F,20,11911,4,3.959999919,1,0,7/22/2015,Oregon,9.99,Tina,Ad Group D,Campaign 1
78661,312,115854,40-44,M,29,10090,2,2.650000095,1,1,7/23/2015,California,9.99,Tina,Ad Group B,Campaign 2
78683,312,115858,40-44,F,18,24188,5,8.179999828,1,0,7/24/2015,Oregon,9.99,Jess,Ad Group D,Campaign 1
78756,312,115870,40-44,M,32,9735,4,4.130000114,1,1,7/25/2015,Texas,9.99,Tom,Ad Group D,Campaign 1
78800,312,115878,40-44,F,22,10750,4,5.389999866,1,0,7/26/2015,Washington,9.99,Jess,Ad Group A,Campaign 3
78826,312,115882,30-34,M,29,7629,1,0.720000029,1,1,7/27/2015,New York,9.99,Tom,Ad Group E,Campaign 1
78889,312,115892,30-34,M,28,7453,1,1.679999948,1,1,7/28/2015,California,9.99,Jess,Ad Group A,Campaign 3
78922,312,115898,35-39,F,64,41785,14,19.10000038,1,0,7/29/2015,Oregon,9.99,Tina,Ad Group B,Campaign 2
78937,312,115900,35-39,M,27,8077,2,3.579999924,1,1,7/30/2015,Main,9.99,Tina,Ad Group D,Campaign 1
78956,312,115904,35-39,F,63,5602,1,1.580000043,1,0,7/31/2015,New York,9.99,Jess,Ad Group D,Campaign 1
79004,312,115912,30-34,M,26,6184,2,2.75,1,1,8/1/2015,South Carolina,9.99,Tom,Ad Group B,Campaign 2
79164,312,115938,35-39,F,27,112460,25,41.29000068,1,0,8/2/2015,California,9.99,Jess,Ad Group D,Campaign 1
79306,312,115962,35-39,F,30,14670,7,9.410000324,1,0,8/3/2015,California,9.99,Tom,Ad Group D,Campaign 1
79638,312,116031,30-34,F,64,33144,9,13.40999985,1,0,8/4/2015,Texas,9.99,Jess,Ad Group A,Campaign 3
79653,312,116033,45-49,M,64,4397,1,0.949999988,1,0,8/5/2015,Florida,9.99,Tina,Ad Group E,Campaign 1
79773,312,116053,35-39,F,10,89527,24,32.28999996,1,0,8/6/2015,Washington,9.99,Tina,Ad Group A,Campaign 3
79809,312,116059,35-39,F,15,7116,2,1.730000019,1,1,8/7/2015,New York,9.99,Jess,Ad Group B,Campaign 2
79822,312,116061,30-34,F,15,8613,1,0.889999986,2,0,8/8/2015,California,9.99,Tom,Ad Group D,Campaign 1
79831,312,116063,35-39,F,16,9730,1,1.379999995,1,0,8/9/2015,Oregon,9.99,Jess,Ad Group D,Campaign 1
79844,312,116065,30-34,F,16,51816,8,10.2299999,2,1,8/10/2015,California,9.99,Tom,Ad Group B,Campaign 2
79845,312,116065,30-34,F,16,27289,3,4.429999828,1,0,8/11/2015,Oregon,9.99,Jess,Ad Group D,Campaign 1
79915,312,116077,30-34,F,29,20409,4,3.829999924,1,0,8/12/2015,Texas,9.99,Tina,Ad Group D,Campaign 1
79916,312,116077,30-34,F,29,8044,1,1.110000014,1,0,8/13/2015,Washington,9.99,Tina,Ad Group A,Campaign 3
79938,312,116081,30-34,F,28,15645,4,5.349999905,1,0,8/14/2015,New York,9.99,Jess,Ad Group E,Campaign 1
79989,312,116089,45-49,M,10,11611,3,3.950000048,1,1,8/15/2015,California,9.99,Tom,Ad Group A,Campaign 3
80024,312,116095,45-49,M,7,9375,3,4.019999981,1,0,8/16/2015,Oregon,9.99,Jess,Ad Group B,Campaign 2
80071,312,116103,30-34,F,32,4402,1,1.330000043,1,1,8/17/2015,Main,9.99,Tom,Ad Group D,Campaign 1
80118,312,116111,30-34,F,18,8469,2,3.089999914,1,0,8/18/2015,New York,9.99,Jess,Ad Group D,Campaign 1
80122,312,116111,30-34,F,18,5823,1,1.419999957,1,1,8/19/2015,South Carolina,9.99,Tina,Ad Group B,Campaign 2
80179,312,116121,35-39,M,16,25817,4,6.019999981,1,0,8/20/2015,California,9.99,Tina,Ad Group D,Campaign 1
80304,312,116147,30-34,F,25,4971,1,1.230000019,1,1,8/21/2015,California,9.99,Jess,Ad Group D,Campaign 1
80518,312,116183,45-49,F,29,162341,56,77.07999969,3,0,8/22/2015,Texas,9.99,Tom,Ad Group A,Campaign 3
80523,312,116183,45-49,F,29,24542,7,9.329999924,1,0,8/23/2015,Florida,9.99,Jess,Ad Group E,Campaign 1
80698,312,116218,30-34,F,64,13621,3,4.090000033,1,0,8/24/2015,Washington,9.99,Tom,Ad Group A,Campaign 3
80711,312,116220,30-34,F,63,6175,1,1.370000005,2,1,8/25/2015,New York,9.99,Jess,Ad Group B,Campaign 2
80853,312,116244,30-34,F,29,9076,1,1.379999995,1,1,8/26/2015,California,9.99,Tina,Ad Group D,Campaign 1
80855,312,116244,30-34,F,29,20941,4,5.909999967,1,1,8/27/2015,Oregon,9.99,Tina,Ad Group D,Campaign 1
80960,312,116267,45-49,F,18,17167,5,6.910000086,1,0,8/28/2015,California,9.99,Jess,Ad Group B,Campaign 2
80997,312,116273,30-34,F,22,24491,7,9.539999962,1,0,8/29/2015,Oregon,9.99,Tom,Ad Group D,Campaign 1
80999,312,116273,30-34,F,22,44699,13,17.30000037,2,0,8/30/2015,Texas,9.99,Jess,Ad Group D,Campaign 1
81021,312,116277,30-34,F,23,6469,2,1.309999943,1,0,8/31/2015,Washington,9.99,Tom,Ad Group A,Campaign 3
81030,312,116279,45-49,F,16,16053,3,4.079999924,1,1,9/1/2015,New York,9.99,Jess,Ad Group E,Campaign 1
81035,312,116279,45-49,F,16,54724,12,17.92999995,1,1,9/2/2015,California,9.99,Tina,Ad Group A,Campaign 3
81067,312,116285,30-34,F,21,4706,1,1.220000029,1,0,9/3/2015,Oregon,9.99,Tina,Ad Group B,Campaign 2
81174,312,116303,40-44,F,32,8316,3,4.569999933,1,1,9/4/2015,Main,9.99,Jess,Ad Group D,Campaign 1
81266,312,116323,40-44,F,22,5794,2,2.269999981,1,0,9/5/2015,New York,9.99,Tom,Ad Group D,Campaign 1
81314,312,116331,40-44,F,18,4813,1,1.029999971,1,0,9/6/2015,South Carolina,9.99,Jess,Ad Group B,Campaign 2
81359,312,116339,40-44,F,10,85285,26,36.13000035,1,0,9/7/2015,California,9.99,Tom,Ad Group D,Campaign 1
81362,312,116339,40-44,F,10,5839,1,1.370000005,1,0,9/8/2015,California,9.99,Jess,Ad Group D,Campaign 1
81375,312,116341,40-44,F,15,5859,1,1.539999962,1,0,9/9/2015,Texas,9.99,Tina,Ad Group A,Campaign 3
81387,312,116343,40-44,F,16,164118,41,59.06999993,1,0,9/10/2015,Florida,9.99,Tina,Ad Group E,Campaign 1
81395,312,116345,35-39,F,63,18234,6,7.810000062,1,0,9/11/2015,Washington,9.99,Jess,Ad Group A,Campaign 3
81503,312,116363,35-39,F,27,73676,20,28.5,1,0,9/12/2015,New York,9.99,Tom,Ad Group B,Campaign 2
81505,312,116363,35-39,F,27,18421,7,10.07999992,1,0,9/13/2015,California,9.99,Jess,Ad Group D,Campaign 1
81527,312,116367,35-39,F,29,164754,49,67.97999978,2,1,9/14/2015,Oregon,9.99,Tom,Ad Group D,Campaign 1
81553,312,116371,35-39,F,10,7449,1,1.639999986,1,1,9/15/2015,California,9.99,Jess,Ad Group B,Campaign 2
81554,312,116371,35-39,F,10,6424,1,0.529999971,1,0,9/16/2015,Oregon,9.99,Tina,Ad Group D,Campaign 1
81699,312,116395,35-39,M,15,6412,1,1.370000005,1,0,9/17/2015,Texas,9.99,Tina,Ad Group D,Campaign 1
81708,312,116397,30-34,F,63,5040,1,1.440000057,1,0,9/18/2015,Washington,9.99,Jess,Ad Group A,Campaign 3
81806,312,116413,35-39,M,20,8200,3,3.919999957,1,0,9/19/2015,New York,9.99,Tom,Ad Group E,Campaign 1
81890,312,116427,45-49,F,26,115896,38,49.44000006,1,0,9/20/2015,California,9.99,Jess,Ad Group A,Campaign 3
82011,312,116447,35-39,F,16,10186,1,1.230000019,1,1,9/21/2015,Oregon,9.99,Tom,Ad Group B,Campaign 2
82057,312,116455,30-34,M,20,9134,3,4.180000067,2,0,9/22/2015,Main,9.99,Jess,Ad Group D,Campaign 1
82058,312,116455,30-34,M,20,3385,1,1.440000057,1,1,9/23/2015,New York,9.99,Tina,Ad Group D,Campaign 1
82129,312,116467,30-34,M,18,6142,1,1.330000043,1,0,9/24/2015,South Carolina,9.99,Tina,Ad Group B,Campaign 2
82199,312,116479,30-34,M,24,9142,3,3.749999881,1,0,9/25/2015,California,9.99,Jess,Ad Group D,Campaign 1
82201,312,116479,30-34,M,24,5475,2,2.730000019,1,1,9/26/2015,California,9.99,Tom,Ad Group D,Campaign 1
82222,312,116483,30-34,F,18,8254,2,2.320000052,1,1,9/27/2015,Texas,9.99,Jess,Ad Group A,Campaign 3
82226,312,116483,30-34,F,18,5704,1,1.320000052,1,0,9/28/2015,Florida,9.99,Tom,Ad Group E,Campaign 1
82334,312,116501,30-34,F,16,37873,5,6.169999957,1,1,9/29/2015,Washington,9.99,Jess,Ad Group A,Campaign 3
82335,312,116501,30-34,F,16,25267,4,4.940000057,2,1,9/30/2015,New York,9.99,Tina,Ad Group B,Campaign 2
82428,312,116517,40-44,F,63,12318,5,6.340000153,1,1,10/1/2015,California,9.99,Tina,Ad Group D,Campaign 1
82442,312,116519,30-34,F,28,4783,1,0.860000014,1,0,10/2/2015,Oregon,9.99,Jess,Ad Group D,Campaign 1
82475,312,116525,30-34,F,29,6475,1,1.350000024,1,0,10/3/2015,California,9.99,Tom,Ad Group B,Campaign 2
82537,312,116535,45-49,F,16,104578,29,39.25000095,1,1,10/4/2015,Oregon,9.99,Jess,Ad Group D,Campaign 1
82607,312,116547,45-49,F,10,33664,11,12.51000035,1,0,10/5/2015,Texas,9.99,Tom,Ad Group D,Campaign 1
82741,312,116569,40-44,F,28,7337,3,4.079999924,1,0,10/6/2015,Washington,9.99,Jess,Ad Group A,Campaign 3
82847,312,116587,40-44,F,27,11244,3,4.550000191,1,0,10/7/2015,New York,9.99,Tina,Ad Group E,Campaign 1
82894,312,116595,35-39,F,29,29035,7,8.910000086,2,2,10/8/2015,California,9.99,Tina,Ad Group A,Campaign 3
82954,312,116605,35-39,F,26,6532,1,1.610000014,1,0,10/9/2015,Oregon,9.99,Jess,Ad Group B,Campaign 2
83015,312,116615,40-44,F,10,11537,3,4.300000191,1,0,10/10/2015,Main,9.99,Tom,Ad Group D,Campaign 1
83016,312,116615,40-44,F,10,12183,3,2.869999945,1,0,10/11/2015,New York,9.99,Jess,Ad Group D,Campaign 1
83062,312,116623,35-39,F,64,5912,1,1.559999943,1,1,10/12/2015,South Carolina,9.99,Tom,Ad Group B,Campaign 2
50268,312,123438,30-34,M,10,4012,1,1.570000052,1,0,10/13/2015,California,9.99,Jess,Ad Group D,Campaign 1
50278,312,123440,30-34,M,16,12396,2,3.210000038,2,1,10/14/2015,California,9.99,Tina,Ad Group D,Campaign 1
50383,312,123457,30-34,M,16,15720,1,1.379999995,1,0,10/15/2015,Texas,9.99,Tina,Ad Group A,Campaign 3
50424,312,123464,40-44,M,20,2367,2,2.839999914,1,1,10/16/2015,Florida,9.99,Jess,Ad Group E,Campaign 1
50526,312,123481,35-39,M,16,6607,1,1.320000052,2,0,10/17/2015,Washington,9.99,Tom,Ad Group A,Campaign 3
50652,312,123502,45-49,M,16,5537,1,1.519999981,1,0,10/18/2015,New York,9.99,Jess,Ad Group B,Campaign 2
50695,312,123509,45-49,M,21,1909,1,0.980000019,1,0,10/19/2015,California,9.99,Tom,Ad Group D,Campaign 1
50737,312,123516,40-44,M,36,1884,1,1.409999967,1,0,10/20/2015,Oregon,9.99,Jess,Ad Group D,Campaign 1
50970,312,123555,30-34,M,28,7780,3,4.329999924,2,2,10/21/2015,California,9.99,Tina,Ad Group B,Campaign 2
50976,312,123556,35-39,M,28,2633,1,1.070000052,1,0,10/22/2015,Oregon,9.99,Tina,Ad Group D,Campaign 1
51078,312,123573,40-44,M,10,2967,1,1.5,1,1,10/23/2015,Texas,9.99,Jess,Ad Group D,Campaign 1
51233,312,123599,30-34,F,10,5517,1,1.230000019,1,0,10/24/2015,Washington,9.99,Tom,Ad Group A,Campaign 3
51246,312,123601,30-34,F,16,20050,4,4.659999847,4,1,10/25/2015,New York,9.99,Jess,Ad Group E,Campaign 1
51305,312,123611,45-49,M,16,5894,1,1.539999962,1,1,10/26/2015,California,9.99,Tom,Ad Group A,Campaign 3
51333,312,123616,35-39,M,16,9948,2,2.720000029,2,0,10/27/2015,Oregon,9.99,Jess,Ad Group B,Campaign 2
51402,312,123627,45-49,F,26,5307,3,4.289999962,2,1,10/28/2015,Main,9.99,Tina,Ad Group D,Campaign 1
51425,312,123631,35-39,F,22,4621,2,3.25,1,1,10/29/2015,New York,9.99,Tina,Ad Group D,Campaign 1
51482,312,123641,35-39,F,16,5775,1,1.580000043,1,1,10/30/2015,South Carolina,9.99,Jess,Ad Group B,Campaign 2
51485,312,123641,35-39,F,16,9297,2,2.619999886,2,1,10/31/2015,California,9.99,Tom,Ad Group D,Campaign 1
51534,312,123649,30-34,F,64,3717,1,1.539999962,1,0,11/1/2015,California,9.99,Jess,Ad Group D,Campaign 1
51591,312,123659,30-34,F,28,2879,1,1.590000033,2,2,11/2/2015,Texas,9.99,Tom,Ad Group A,Campaign 3
51592,312,123659,30-34,F,28,2749,1,1.389999986,1,0,11/3/2015,Florida,9.99,Jess,Ad Group E,Campaign 1
51600,312,123660,45-49,F,10,24028,9,12.39000034,2,0,11/4/2015,Washington,9.99,Tina,Ad Group A,Campaign 3
51644,312,123668,30-34,F,25,2983,1,0.970000029,1,0,11/5/2015,New York,9.99,Tina,Ad Group B,Campaign 2
51662,312,123671,45-49,F,16,7589,2,3.150000095,1,1,11/6/2015,California,9.99,Jess,Ad Group D,Campaign 1
51664,312,123671,45-49,F,16,20997,10,11.94999981,1,0,11/7/2015,Oregon,9.99,Tom,Ad Group D,Campaign 1
51665,312,123671,45-49,F,16,4617,1,1.360000014,1,0,11/8/2015,California,9.99,Jess,Ad Group B,Campaign 2
51808,312,123695,40-44,F,10,3149,1,1.480000019,1,0,11/9/2015,Oregon,9.99,Tom,Ad Group D,Campaign 1
51877,312,123706,35-39,F,27,2563,1,1.480000019,1,0,11/10/2015,Texas,9.99,Jess,Ad Group D,Campaign 1
51915,312,123713,45-49,F,64,10677,5,7.269999981,1,0,11/11/2015,Washington,9.99,Tina,Ad Group A,Campaign 3
51956,312,123720,35-39,F,22,2189,1,0.409999996,1,0,11/12/2015,New York,9.99,Tina,Ad Group E,Campaign 1
51979,312,123723,45-49,F,27,3277,2,2.680000067,1,0,11/13/2015,California,9.99,Jess,Ad Group A,Campaign 3
52012,312,123729,35-39,F,16,16274,4,6.079999924,2,0,11/14/2015,Oregon,9.99,Tom,Ad Group B,Campaign 2
52037,312,123733,45-49,F,20,2077,1,1.50999999,1,1,11/15/2015,Main,9.99,Jess,Ad Group D,Campaign 1
52056,312,123736,30-34,F,20,4626,2,2.099999905,2,0,11/16/2015,New York,9.99,Tom,Ad Group D,Campaign 1
52141,312,123750,30-34,F,28,2764,1,1.559999943,1,1,11/17/2015,South Carolina,9.99,Jess,Ad Group B,Campaign 2
52201,312,123760,45-49,F,10,5447,2,2.960000038,1,0,11/18/2015,California,9.99,Tina,Ad Group D,Campaign 1
52231,312,123765,40-44,F,16,28169,8,12.36999989,1,1,11/19/2015,California,9.99,Tina,Ad Group D,Campaign 1
21291,1178,144531,30-34,M,10,1194718,141,254.049996,28,14,11/20/2015,Texas,9.99,Jess,Ad Group A,Campaign 3
21292,1178,144531,30-34,M,10,637648,67,122.4,13,5,11/21/2015,Florida,9.99,Tom,Ad Group E,Campaign 1
21295,1178,144531,30-34,M,10,459690,50,86.33000112,5,2,11/22/2015,Washington,9.99,Jess,Ad Group A,Campaign 3
21296,1178,144531,30-34,M,10,750060,86,161.9099991,11,2,11/23/2015,New York,9.99,Tom,Ad Group B,Campaign 2
21297,1178,144532,30-34,M,15,30068,1,1.820000052,1,0,11/24/2015,California,9.99,Jess,Ad Group D,Campaign 1
21298,1178,144532,30-34,M,15,1267550,123,236.7699986,24,10,11/25/2015,Oregon,9.99,Tina,Ad Group D,Campaign 1
21300,1178,144532,30-34,M,15,3052003,340,639.9499981,60,17,11/26/2015,California,9.99,Tina,Ad Group B,Campaign 2
21301,1178,144532,30-34,M,15,29945,1,1.590000033,2,1,11/27/2015,Oregon,9.99,Jess,Ad Group D,Campaign 1
21302,1178,144532,30-34,M,15,357856,30,52.97000015,7,3,11/28/2015,Texas,9.99,Tom,Ad Group D,Campaign 1
21304,1178,144533,30-34,M,16,2080666,202,360.1500015,40,21,11/29/2015,Washington,9.99,Jess,Ad Group A,Campaign 3
21305,1178,144533,30-34,M,16,145999,9,16.5200001,5,2,11/30/2015,New York,9.99,Tom,Ad Group E,Campaign 1
21307,1178,144533,30-34,M,16,32616,1,1.539999962,2,0,12/1/2015,California,9.99,Jess,Ad Group A,Campaign 3
21308,1178,144533,30-34,M,16,984521,95,163.8999972,26,14,12/2/2015,Oregon,9.99,Tina,Ad Group B,Campaign 2
21310,1178,144534,30-34,M,18,880814,123,210.3600006,6,2,12/3/2015,Main,9.99,Tina,Ad Group D,Campaign 1
21311,1178,144534,30-34,M,18,182452,20,35.73000026,4,1,12/4/2015,New York,9.99,Jess,Ad Group D,Campaign 1
21313,1178,144534,30-34,M,18,894911,120,215.8399994,7,4,12/5/2015,South Carolina,9.99,Tom,Ad Group B,Campaign 2
21314,1178,144534,30-34,M,18,31349,2,3.800000072,1,0,12/6/2015,California,9.99,Jess,Ad Group D,Campaign 1
21315,1178,144535,30-34,M,19,410310,55,96.80000055,3,0,12/7/2015,California,9.99,Tom,Ad Group D,Campaign 1
21316,1178,144535,30-34,M,19,572450,89,157.329998,7,4,12/8/2015,Texas,9.99,Jess,Ad Group A,Campaign 3
21317,1178,144535,30-34,M,19,98759,15,26.56999946,1,1,12/9/2015,Florida,9.99,Tina,Ad Group E,Campaign 1
21319,1178,144535,30-34,M,19,345371,54,93.08999991,7,3,12/10/2015,Washington,9.99,Tina,Ad Group A,Campaign 3
21321,1178,144536,30-34,M,20,323899,46,78.9200002,5,1,12/11/2015,New York,9.99,Jess,Ad Group B,Campaign 2
21322,1178,144536,30-34,M,20,399199,58,103.1500002,3,0,12/12/2015,California,9.99,Tom,Ad Group D,Campaign 1
21323,1178,144536,30-34,M,20,171202,22,36.53000021,3,1,12/13/2015,Oregon,9.99,Jess,Ad Group D,Campaign 1
21324,1178,144536,30-34,M,20,128386,15,28.85000002,2,1,12/14/2015,California,9.99,Tom,Ad Group B,Campaign 2
21325,1178,144536,30-34,M,20,1034284,152,257.7099986,20,9,12/15/2015,Oregon,9.99,Jess,Ad Group D,Campaign 1
21326,1178,144536,30-34,M,20,45923,5,7.220000148,2,0,12/16/2015,Texas,9.99,Tina,Ad Group D,Campaign 1
21327,1178,144537,30-34,M,21,40873,4,7.899999976,2,1,12/17/2015,Washington,9.99,Tina,Ad Group A,Campaign 3
21328,1178,144537,30-34,M,21,286553,34,62.06000042,2,1,12/18/2015,New York,9.99,Jess,Ad Group E,Campaign 1
21329,1178,144537,30-34,M,21,20618,1,2.099999905,2,1,12/19/2015,California,9.99,Tom,Ad Group A,Campaign 3
21331,1178,144537,30-34,M,21,83591,7,14.14000046,2,2,12/20/2015,Oregon,9.99,Jess,Ad Group B,Campaign 2
21332,1178,144537,30-34,M,21,114923,12,23.73000026,4,2,12/21/2015,Main,9.99,Tom,Ad Group D,Campaign 1
21333,1178,144538,30-34,M,22,25002,1,1.710000038,1,0,12/22/2015,New York,9.99,Jess,Ad Group D,Campaign 1
21334,1178,144538,30-34,M,22,68905,5,9.440000057,1,0,12/23/2015,South Carolina,9.99,Tina,Ad Group B,Campaign 2
21336,1178,144538,30-34,M,22,169588,16,27.79999924,1,0,12/24/2015,California,9.99,Tina,Ad Group D,Campaign 1
21338,1178,144538,30-34,M,22,328991,35,67.65000057,5,2,12/25/2015,California,9.99,Jess,Ad Group D,Campaign 1
21341,1178,144539,30-34,M,23,23198,2,2.980000019,1,0,12/26/2015,Texas,9.99,Tom,Ad Group A,Campaign 3
21342,1178,144539,30-34,M,23,26890,2,3.24000001,1,0,12/27/2015,Florida,9.99,Jess,Ad Group E,Campaign 1
21343,1178,144539,30-34,M,23,221695,31,52.26000011,5,2,12/28/2015,Washington,9.99,Tom,Ad Group A,Campaign 3
21352,1178,144541,30-34,M,24,88443,7,13.0400002,1,1,12/29/2015,New York,9.99,Jess,Ad Group B,Campaign 2
21353,1178,144541,30-34,M,24,187856,23,38.38999975,5,1,12/30/2015,California,9.99,Tina,Ad Group D,Campaign 1
21364,1178,144545,30-34,M,25,570699,80,138.7699997,9,2,12/31/2015,Oregon,9.99,Tina,Ad Group D,Campaign 1
21367,1178,144545,30-34,M,25,1063508,145,260.3800013,23,7,1/1/2016,California,9.99,Jess,Ad Group B,Campaign 2
21368,1178,144545,30-34,M,25,50523,6,8.549999952,1,0,1/2/2016,Oregon,9.99,Tom,Ad Group D,Campaign 1
21372,1178,144547,30-34,M,26,87935,9,15.63000023,1,0,1/3/2016,Texas,9.99,Jess,Ad Group D,Campaign 1
21373,1178,144547,30-34,M,26,278225,33,60.19999957,3,0,1/4/2016,Washington,9.99,Tom,Ad Group A,Campaign 3
21375,1178,144547,30-34,M,26,209461,20,34.19000006,1,0,1/5/2016,New York,9.99,Jess,Ad Group E,Campaign 1
21377,1178,144547,30-34,M,26,26316,2,3.24000001,3,0,1/6/2016,California,9.99,Tina,Ad Group A,Campaign 3
21381,1178,144549,30-34,M,27,41030,3,5.140000105,2,1,1/7/2016,Oregon,9.99,Tina,Ad Group B,Campaign 2
21382,1178,144549,30-34,M,27,876671,120,216.5599982,22,4,1/8/2016,Main,9.99,Jess,Ad Group D,Campaign 1
21383,1178,144549,30-34,M,27,399392,53,93.07000041,5,0,1/9/2016,New York,9.99,Tom,Ad Group D,Campaign 1
21384,1178,144549,30-34,M,27,283858,30,56.05999923,1,0,1/10/2016,South Carolina,9.99,Jess,Ad Group B,Campaign 2
21385,1178,144549,30-34,M,27,260699,31,54.09999871,5,2,1/11/2016,California,9.99,Tom,Ad Group D,Campaign 1
21393,1178,144552,30-34,M,28,57781,5,7.800000072,2,1,1/12/2016,California,9.99,Jess,Ad Group D,Campaign 1
21395,1178,144552,30-34,M,28,38757,3,5.220000029,1,0,1/13/2016,Texas,9.99,Tina,Ad Group A,Campaign 3
21396,1178,144552,30-34,M,28,1392288,206,358.5500029,31,7,1/14/2016,Florida,9.99,Tina,Ad Group E,Campaign 1
21397,1178,144552,30-34,M,28,1109387,159,280.9899995,13,2,1/15/2016,Washington,9.99,Jess,Ad Group A,Campaign 3
21402,1178,144554,30-34,M,29,581281,65,115.1200008,10,5,1/16/2016,New York,9.99,Tom,Ad Group B,Campaign 2
21403,1178,144554,30-34,M,29,1048861,128,219.770002,22,8,1/17/2016,California,9.99,Jess,Ad Group D,Campaign 1
21405,1178,144554,30-34,M,29,297452,30,52.01999986,4,1,1/18/2016,Oregon,9.99,Tom,Ad Group D,Campaign 1
21406,1178,144554,30-34,M,29,227925,22,35.30999994,22,12,1/19/2016,California,9.99,Jess,Ad Group B,Campaign 2
21407,1178,144554,30-34,M,29,374175,38,63.32000101,8,3,1/20/2016,Oregon,9.99,Tina,Ad Group D,Campaign 1
21411,1178,144556,30-34,M,30,223586,32,54.24000037,1,0,1/21/2016,Texas,9.99,Tina,Ad Group D,Campaign 1
21413,1178,144556,30-34,M,30,283170,39,65.22999996,2,1,1/22/2016,Washington,9.99,Jess,Ad Group A,Campaign 3
21415,1178,144556,30-34,M,30,41636,3,4.210000038,1,0,1/23/2016,New York,9.99,Tom,Ad Group E,Campaign 1
21416,1178,144556,30-34,M,30,198658,30,48.60999978,8,1,1/24/2016,California,9.99,Jess,Ad Group A,Campaign 3
21420,1178,144558,30-34,M,31,100596,10,13.91999972,4,2,1/25/2016,Oregon,9.99,Tom,Ad Group B,Campaign 2
21423,1178,144558,30-34,M,31,64020,5,11.0599997,1,0,1/26/2016,Main,9.99,Jess,Ad Group D,Campaign 1
21429,1178,144561,30-34,M,32,404866,43,87.42000079,4,0,1/27/2016,New York,9.99,Tina,Ad Group D,Campaign 1
21431,1178,144561,30-34,M,32,22256,1,1.659999967,1,1,1/28/2016,South Carolina,9.99,Tina,Ad Group B,Campaign 2
21433,1178,144561,30-34,M,32,57690,4,6.74000001,1,0,1/29/2016,California,9.99,Jess,Ad Group D,Campaign 1
21441,1178,144562,30-34,M,36,24952,5,8.220000267,3,2,1/30/2016,California,9.99,Tom,Ad Group D,Campaign 1
21442,1178,144562,30-34,M,36,38900,3,5.580000043,1,0,1/31/2016,Texas,9.99,Jess,Ad Group A,Campaign 3
21443,1178,144562,30-34,M,36,53520,6,9.2299999,1,1,2/1/2016,Florida,9.99,Tom,Ad Group E,Campaign 1
21444,1178,144562,30-34,M,36,181683,20,34.22999972,2,1,2/2/2016,Washington,9.99,Jess,Ad Group A,Campaign 3
21445,1178,144562,30-34,M,36,29185,2,3.149999976,1,0,2/3/2016,New York,9.99,Tina,Ad Group B,Campaign 2
21446,1178,144562,30-34,M,36,105047,13,20.2099994,3,1,2/4/2016,California,9.99,Tina,Ad Group D,Campaign 1
21450,1178,144565,30-34,M,63,287976,31,59.43999982,3,2,2/5/2016,Oregon,9.99,Jess,Ad Group D,Campaign 1
21451,1178,144565,30-34,M,63,212175,22,38.58999968,2,1,2/6/2016,California,9.99,Tom,Ad Group B,Campaign 2
21454,1178,144565,30-34,M,63,124005,11,21.84999979,4,1,2/7/2016,Oregon,9.99,Jess,Ad Group D,Campaign 1
21455,1178,144565,30-34,M,63,20423,1,1.960000038,1,0,2/8/2016,Texas,9.99,Tom,Ad Group D,Campaign 1
21461,1178,144567,30-34,M,64,103001,14,22.32000005,1,0,2/9/2016,Washington,9.99,Jess,Ad Group A,Campaign 3
21462,1178,144567,30-34,M,64,447420,66,110.2399991,7,2,2/10/2016,New York,9.99,Tina,Ad Group E,Campaign 1
21463,1178,144567,30-34,M,64,156101,19,29.75000048,2,2,2/11/2016,California,9.99,Tina,Ad Group A,Campaign 3
21464,1178,144567,30-34,M,64,93015,12,18.47000015,1,0,2/12/2016,Oregon,9.99,Jess,Ad Group B,Campaign 2
21465,1178,144568,30-34,M,65,145398,23,36.24000025,1,0,2/13/2016,Main,9.99,Tom,Ad Group D,Campaign 1
21469,1178,144568,30-34,M,65,296413,50,76.43999958,3,1,2/14/2016,New York,9.99,Jess,Ad Group D,Campaign 1
21474,1178,144569,30-34,M,2,63785,7,11.80000019,6,2,2/15/2016,South Carolina,9.99,Tom,Ad Group B,Campaign 2
21475,1178,144569,30-34,M,2,118522,14,26.81999981,2,1,2/16/2016,California,9.99,Jess,Ad Group D,Campaign 1
21476,1178,144569,30-34,M,2,240123,38,65.67000115,5,4,2/17/2016,California,9.99,Tina,Ad Group D,Campaign 1
21477,1178,144570,30-34,M,7,169108,20,32.24000025,2,1,2/18/2016,Texas,9.99,Tina,Ad Group A,Campaign 3
21478,1178,144570,30-34,M,7,1044442,142,245.5999999,22,8,2/19/2016,Florida,9.99,Jess,Ad Group E,Campaign 1
21479,1178,144570,30-34,M,7,93891,11,17.6400001,5,3,2/20/2016,Washington,9.99,Tom,Ad Group A,Campaign 3
21482,1178,144570,30-34,M,7,185823,25,38.54999312,4,1,2/21/2016,New York,9.99,Jess,Ad Group B,Campaign 2
21484,1178,144571,30-34,M,66,175631,23,40.75999951,1,0,2/22/2016,California,9.99,Tom,Ad Group D,Campaign 1
21485,1178,144571,30-34,M,66,37187,4,6.370000005,1,0,2/23/2016,Oregon,9.99,Jess,Ad Group D,Campaign 1
21487,1178,144571,30-34,M,66,344618,51,89.76000047,3,1,2/24/2016,California,9.99,Tina,Ad Group B,Campaign 2
21489,1178,144572,35-39,M,10,98066,9,16.1500001,1,0,2/25/2016,Oregon,9.99,Tina,Ad Group D,Campaign 1
21490,1178,144572,35-39,M,10,770749,100,189.1299984,13,3,2/26/2016,Texas,9.99,Jess,Ad Group D,Campaign 1
21491,1178,144572,35-39,M,10,52553,5,8.529999852,1,0,2/27/2016,Washington,9.99,Tom,Ad Group A,Campaign 3
21492,1178,144572,35-39,M,10,362296,39,67.77000129,7,3,2/28/2016,New York,9.99,Jess,Ad Group E,Campaign 1
21493,1178,144572,35-39,M,10,427729,50,96.8999989,4,1,2/29/2016,California,9.99,Tom,Ad Group A,Campaign 3
21496,1178,144573,35-39,M,15,180351,21,37.13000011,1,1,3/1/2016,Oregon,9.99,Jess,Ad Group B,Campaign 2
21497,1178,144573,35-39,M,15,187329,29,53.15999961,2,1,3/2/2016,Main,9.99,Tina,Ad Group D,Campaign 1
21500,1178,144573,35-39,M,15,782894,118,192.9299995,5,2,3/3/2016,New York,9.99,Tina,Ad Group D,Campaign 1
21502,1178,144574,35-39,M,16,1206533,128,236.1199988,17,6,3/4/2016,South Carolina,9.99,Jess,Ad Group B,Campaign 2
21503,1178,144574,35-39,M,16,84494,7,12.57000017,2,0,3/5/2016,California,9.99,Tom,Ad Group D,Campaign 1
21504,1178,144574,35-39,M,16,94257,7,12.5800004,1,1,3/6/2016,California,9.99,Jess,Ad Group D,Campaign 1
21509,1178,144575,35-39,M,18,131060,16,28.04999959,2,1,3/7/2016,Texas,9.99,Tom,Ad Group A,Campaign 3
21510,1178,144575,35-39,M,18,341603,50,83.48000121,4,2,3/8/2016,Florida,9.99,Jess,Ad Group E,Campaign 1
21511,1178,144575,35-39,M,18,140749,19,30.4799999,1,1,3/9/2016,Washington,9.99,Tina,Ad Group A,Campaign 3
21512,1178,144575,35-39,M,18,102525,13,20.29999983,2,1,3/10/2016,New York,9.99,Tina,Ad Group B,Campaign 2
21516,1178,144576,35-39,M,19,447952,68,131.5799983,8,1,3/11/2016,California,9.99,Jess,Ad Group D,Campaign 1
21517,1178,144576,35-39,M,19,76355,9,14.62999988,2,0,3/12/2016,Oregon,9.99,Tom,Ad Group D,Campaign 1
21519,1178,144577,35-39,M,20,256598,38,64.46999931,6,1,3/13/2016,California,9.99,Jess,Ad Group B,Campaign 2
21521,1178,144577,35-39,M,20,127476,21,30.15000057,3,2,3/14/2016,Oregon,9.99,Tom,Ad Group D,Campaign 1
21522,1178,144577,35-39,M,20,237603,37,62.25000024,5,2,3/15/2016,Texas,9.99,Jess,Ad Group D,Campaign 1
21527,1178,144578,35-39,M,21,271091,42,78.03999984,3,1,3/16/2016,Washington,9.99,Tina,Ad Group A,Campaign 3
21530,1178,144578,35-39,M,21,21743,2,3.400000095,1,0,3/17/2016,New York,9.99,Tina,Ad Group E,Campaign 1
21533,1178,144579,35-39,M,22,88970,10,14.8300004,2,0,3/18/2016,California,9.99,Jess,Ad Group A,Campaign 3
21534,1178,144579,35-39,M,22,108362,13,22.42999983,1,1,3/19/2016,Oregon,9.99,Tom,Ad Group B,Campaign 2
21535,1178,144579,35-39,M,22,188596,27,44.14000034,3,0,3/20/2016,Main,9.99,Jess,Ad Group D,Campaign 1
21536,1178,144579,35-39,M,22,275080,43,69.65999997,4,3,3/21/2016,New York,9.99,Tom,Ad Group D,Campaign 1
21537,1178,144580,35-39,M,23,64647,10,16.26999998,1,0,3/22/2016,South Carolina,9.99,Jess,Ad Group B,Campaign 2
21538,1178,144580,35-39,M,23,31265,4,5.789999902,1,0,3/23/2016,California,9.99,Tina,Ad Group D,Campaign 1
21540,1178,144580,35-39,M,23,140147,24,42.08000016,2,0,3/24/2016,California,9.99,Tina,Ad Group D,Campaign 1
21541,1178,144580,35-39,M,23,223120,40,67.66999984,1,0,3/25/2016,Texas,9.99,Jess,Ad Group A,Campaign 3
21542,1178,144580,35-39,M,23,104869,18,34.07000089,1,0,3/26/2016,Florida,9.99,Tom,Ad Group E,Campaign 1
21544,1178,144581,35-39,M,24,165177,23,41.71999967,4,1,3/27/2016,Washington,9.99,Jess,Ad Group A,Campaign 3
21545,1178,144581,35-39,M,24,84194,11,19.56999981,1,0,3/28/2016,New York,9.99,Tom,Ad Group B,Campaign 2
21547,1178,144581,35-39,M,24,220581,31,57.37,1,1,3/29/2016,California,9.99,Jess,Ad Group D,Campaign 1
21550,1178,144582,35-39,M,25,75804,10,17.36999965,2,1,3/30/2016,Oregon,9.99,Tina,Ad Group D,Campaign 1
21552,1178,144582,35-39,M,25,368986,59,100.289999,0,0,3/31/2016,California,9.99,Tina,Ad Group B,Campaign 2
21553,1178,144582,35-39,M,25,28194,3,3.709999919,2,0,4/1/2016,Oregon,9.99,Jess,Ad Group D,Campaign 1
21555,1178,144583,35-39,M,26,99961,14,23.2099998,1,0,4/2/2016,Texas,9.99,Tom,Ad Group D,Campaign 1
21561,1178,144584,35-39,M,27,685781,103,177.8899992,10,1,4/3/2016,Washington,9.99,Jess,Ad Group A,Campaign 3
21564,1178,144584,35-39,M,27,274222,43,66.7700001,2,1,4/4/2016,New York,9.99,Tom,Ad Group E,Campaign 1
21565,1178,144584,35-39,M,27,110503,25,32.67999995,4,0,4/5/2016,California,9.99,Jess,Ad Group A,Campaign 3
21567,1178,144585,35-39,M,28,1447755,233,420.5799983,11,8,4/6/2016,Oregon,9.99,Tina,Ad Group B,Campaign 2
21568,1178,144585,35-39,M,28,358987,52,87.55000067,1,0,4/7/2016,Main,9.99,Tina,Ad Group D,Campaign 1
21569,1178,144585,35-39,M,28,826205,125,232.3700008,5,1,4/8/2016,New York,9.99,Jess,Ad Group D,Campaign 1
21570,1178,144585,35-39,M,28,550954,84,150.1400012,3,0,4/9/2016,South Carolina,9.99,Tom,Ad Group B,Campaign 2
21572,1178,144585,35-39,M,28,378350,55,96.48000073,4,0,4/10/2016,California,9.99,Jess,Ad Group D,Campaign 1
21573,1178,144586,35-39,M,29,492784,56,95.5100013,7,4,4/11/2016,California,9.99,Tom,Ad Group D,Campaign 1
21574,1178,144586,35-39,M,29,327158,43,72.3100003,6,2,4/12/2016,Texas,9.99,Jess,Ad Group A,Campaign 3
21577,1178,144586,35-39,M,29,59390,5,9.209999919,5,3,4/13/2016,Florida,9.99,Tina,Ad Group E,Campaign 1
21578,1178,144586,35-39,M,29,1040330,147,254.2500038,13,2,4/14/2016,Washington,9.99,Tina,Ad Group A,Campaign 3
21579,1178,144587,35-39,M,30,49422,6,11.17000031,1,0,4/15/2016,New York,9.99,Jess,Ad Group B,Campaign 2
21580,1178,144587,35-39,M,30,131091,18,34.23000026,3,1,4/16/2016,California,9.99,Tom,Ad Group D,Campaign 1
21581,1178,144587,35-39,M,30,95691,15,25.26000011,1,1,4/17/2016,Oregon,9.99,Jess,Ad Group D,Campaign 1
21590,1178,144588,35-39,M,31,15513,1,1.289999962,1,0,4/18/2016,California,9.99,Tom,Ad Group B,Campaign 2
21591,1178,144589,35-39,M,32,382537,63,113.9900012,4,3,4/19/2016,Oregon,9.99,Jess,Ad Group D,Campaign 1
21594,1178,144589,35-39,M,32,461356,64,121.0999982,6,3,4/20/2016,Texas,9.99,Tina,Ad Group D,Campaign 1
21595,1178,144589,35-39,M,32,392541,53,98.70000017,3,2,4/21/2016,Washington,9.99,Tina,Ad Group A,Campaign 3
21598,1178,144590,35-39,M,36,35088,5,8.800000072,1,1,4/22/2016,New York,9.99,Jess,Ad Group E,Campaign 1
21600,1178,144590,35-39,M,36,53933,6,9.929999948,3,1,4/23/2016,California,9.99,Tom,Ad Group A,Campaign 3
21603,1178,144591,35-39,M,63,228861,33,53.38999939,4,2,4/24/2016,Oregon,9.99,Jess,Ad Group B,Campaign 2
21605,1178,144591,35-39,M,63,20959,2,3.769999981,1,1,4/25/2016,Main,9.99,Tom,Ad Group D,Campaign 1
21610,1178,144592,35-39,M,64,24992,2,3.190000057,1,0,4/26/2016,New York,9.99,Jess,Ad Group D,Campaign 1
21611,1178,144592,35-39,M,64,100351,15,24.17999995,2,1,4/27/2016,South Carolina,9.99,Tina,Ad Group B,Campaign 2
21612,1178,144592,35-39,M,64,292448,43,76.89999968,2,1,4/28/2016,California,9.99,Tina,Ad Group D,Campaign 1
21613,1178,144592,35-39,M,64,65060,7,14.5200001,1,1,4/29/2016,California,9.99,Jess,Ad Group D,Campaign 1
21614,1178,144592,35-39,M,64,133316,21,36.17000055,2,0,4/30/2016,Texas,9.99,Tom,Ad Group A,Campaign 3
21615,1178,144593,35-39,M,65,113501,26,38.44000077,5,4,5/1/2016,Florida,9.99,Jess,Ad Group E,Campaign 1
21618,1178,144593,35-39,M,65,192810,41,61.92999995,4,3,5/2/2016,Washington,9.99,Tom,Ad Group A,Campaign 3
21621,1178,144594,35-39,M,2,233404,43,70.4100008,2,1,5/3/2016,New York,9.99,Jess,Ad Group B,Campaign 2
21622,1178,144594,35-39,M,2,128843,24,37.5999999,2,0,5/4/2016,California,9.99,Tina,Ad Group D,Campaign 1
21623,1178,144594,35-39,M,2,63564,12,20.59000027,2,0,5/5/2016,Oregon,9.99,Tina,Ad Group D,Campaign 1
21625,1178,144594,35-39,M,2,85970,14,24.78000021,1,1,5/6/2016,California,9.99,Jess,Ad Group B,Campaign 2
21628,1178,144595,35-39,M,7,131232,16,29.53999937,1,1,5/7/2016,Oregon,9.99,Tom,Ad Group D,Campaign 1
21629,1178,144595,35-39,M,7,152454,22,37.84999979,1,1,5/8/2016,Texas,9.99,Jess,Ad Group D,Campaign 1
21630,1178,144595,35-39,M,7,28989,2,2.290000021,1,0,5/9/2016,Washington,9.99,Tom,Ad Group A,Campaign 3
21633,1178,144596,35-39,M,66,80248,15,24.1900003,1,1,5/10/2016,New York,9.99,Jess,Ad Group E,Campaign 1
21637,1178,144596,35-39,M,66,38580,5,8.519999981,1,0,5/11/2016,California,9.99,Tina,Ad Group A,Campaign 3
21639,1178,144597,40-44,M,10,621591,91,163.36,5,1,5/12/2016,Oregon,9.99,Tina,Ad Group B,Campaign 2
21640,1178,144597,40-44,M,10,250499,36,58.14000005,3,1,5/13/2016,Main,9.99,Jess,Ad Group D,Campaign 1
21642,1178,144597,40-44,M,10,131637,18,29.30999982,2,1,5/14/2016,New York,9.99,Tom,Ad Group D,Campaign 1
21643,1178,144597,40-44,M,10,463813,69,116.3399996,4,2,5/15/2016,South Carolina,9.99,Jess,Ad Group B,Campaign 2
21644,1178,144597,40-44,M,10,211767,35,60.89999914,5,1,5/16/2016,California,9.99,Tom,Ad Group D,Campaign 1
21646,1178,144598,40-44,M,15,163181,26,40.02000093,1,1,5/17/2016,California,9.99,Jess,Ad Group D,Campaign 1
21651,1178,144599,40-44,M,16,1117385,147,260.0699984,11,2,5/18/2016,Texas,9.99,Tina,Ad Group A,Campaign 3
21652,1178,144599,40-44,M,16,1663441,205,359.4700001,17,6,5/19/2016,Florida,9.99,Tina,Ad Group E,Campaign 1
21653,1178,144599,40-44,M,16,455248,54,105.7099996,5,2,5/20/2016,Washington,9.99,Jess,Ad Group A,Campaign 3
21654,1178,144599,40-44,M,16,75589,6,10.66000009,1,1,5/21/2016,New York,9.99,Tom,Ad Group B,Campaign 2
21655,1178,144599,40-44,M,16,594267,82,143.3000009,3,2,5/22/2016,California,9.99,Jess,Ad Group D,Campaign 1
21656,1178,144599,40-44,M,16,315281,35,65.02999854,1,0,5/23/2016,Oregon,9.99,Tom,Ad Group D,Campaign 1
21664,1178,144601,40-44,M,19,363456,71,117.5599997,7,1,5/24/2016,California,9.99,Jess,Ad Group B,Campaign 2
21666,1178,144601,40-44,M,19,438983,81,143.4300001,3,1,5/25/2016,Oregon,9.99,Tina,Ad Group D,Campaign 1
21667,1178,144601,40-44,M,19,42563,5,9.659999847,1,1,5/26/2016,Texas,9.99,Tina,Ad Group D,Campaign 1
21669,1178,144602,40-44,M,20,399035,75,124.7999995,7,3,5/27/2016,Washington,9.99,Jess,Ad Group A,Campaign 3
21671,1178,144602,40-44,M,20,304680,59,98.55000019,3,0,5/28/2016,New York,9.99,Tom,Ad Group E,Campaign 1
21672,1178,144602,40-44,M,20,140596,23,40.77000022,1,0,5/29/2016,California,9.99,Jess,Ad Group A,Campaign 3
21673,1178,144602,40-44,M,20,439986,80,134.8799999,4,3,5/30/2016,Oregon,9.99,Tom,Ad Group B,Campaign 2
21674,1178,144602,40-44,M,20,75803,11,19.3599999,2,2,5/31/2016,Main,9.99,Jess,Ad Group D,Campaign 1
21681,1178,144604,40-44,M,22,153586,28,43.01000035,2,0,6/1/2016,New York,9.99,Tina,Ad Group D,Campaign 1
21682,1178,144604,40-44,M,22,180815,31,42.62999976,1,0,6/2/2016,South Carolina,9.99,Tina,Ad Group B,Campaign 2
21683,1178,144604,40-44,M,22,253169,51,75.78999984,1,0,6/3/2016,California,9.99,Jess,Ad Group D,Campaign 1
21684,1178,144604,40-44,M,22,34453,5,7.710000038,1,1,6/4/2016,California,9.99,Tom,Ad Group D,Campaign 1
21687,1178,144605,40-44,M,23,51550,8,14.03999984,1,0,6/5/2016,Texas,9.99,Jess,Ad Group A,Campaign 3
21689,1178,144605,40-44,M,23,110018,24,39.85999966,1,0,6/6/2016,Florida,9.99,Tom,Ad Group E,Campaign 1
21693,1178,144606,40-44,M,24,137584,21,36.77999961,1,0,6/7/2016,Washington,9.99,Jess,Ad Group A,Campaign 3
21697,1178,144606,40-44,M,24,209825,30,54.86999953,1,0,6/8/2016,New York,9.99,Tina,Ad Group B,Campaign 2
21699,1178,144607,40-44,M,25,264222,63,87.7899996,1,1,6/9/2016,California,9.99,Tina,Ad Group D,Campaign 1
21710,1178,144608,40-44,M,26,31202,5,6.730000019,1,0,6/10/2016,Oregon,9.99,Jess,Ad Group D,Campaign 1
21711,1178,144609,40-44,M,27,252991,49,76.83999932,3,0,6/11/2016,California,9.99,Tom,Ad Group B,Campaign 2
21714,1178,144609,40-44,M,27,56265,9,15.53999972,1,0,6/12/2016,Oregon,9.99,Jess,Ad Group D,Campaign 1
21723,1178,144611,40-44,M,29,76923,11,17.67000008,2,2,6/13/2016,Texas,9.99,Tom,Ad Group D,Campaign 1
21724,1178,144611,40-44,M,29,209332,30,49.60000014,3,1,6/14/2016,Washington,9.99,Jess,Ad Group A,Campaign 3
21725,1178,144611,40-44,M,29,214094,31,53.26999903,1,0,6/15/2016,New York,9.99,Tina,Ad Group E,Campaign 1
21726,1178,144611,40-44,M,29,526209,85,126.9299996,3,2,6/16/2016,California,9.99,Tina,Ad Group A,Campaign 3
21727,1178,144611,40-44,M,29,741143,120,179.620001,4,1,6/17/2016,Oregon,9.99,Jess,Ad Group B,Campaign 2
21728,1178,144611,40-44,M,29,172827,25,38.42000043,2,0,6/18/2016,Main,9.99,Tom,Ad Group D,Campaign 1
21730,1178,144612,40-44,M,30,188873,38,58.5999999,1,1,6/19/2016,New York,9.99,Jess,Ad Group D,Campaign 1
21732,1178,144612,40-44,M,30,123126,25,39.72999978,2,1,6/20/2016,South Carolina,9.99,Tom,Ad Group B,Campaign 2
21735,1178,144613,40-44,M,31,77794,14,19.11000001,1,1,6/21/2016,California,9.99,Jess,Ad Group D,Campaign 1
21741,1178,144614,40-44,M,32,56630,9,15.81000018,1,1,6/22/2016,California,9.99,Tina,Ad Group D,Campaign 1
21744,1178,144614,40-44,M,32,400844,85,140.9700022,4,2,6/23/2016,Texas,9.99,Tina,Ad Group A,Campaign 3
21745,1178,144614,40-44,M,32,208572,36,60.76000023,2,1,6/24/2016,Florida,9.99,Jess,Ad Group E,Campaign 1
21748,1178,144615,40-44,M,36,59004,8,13.51000011,1,0,6/25/2016,Washington,9.99,Tom,Ad Group A,Campaign 3
21751,1178,144615,40-44,M,36,196253,32,55.10000002,1,0,6/26/2016,New York,9.99,Jess,Ad Group B,Campaign 2
21754,1178,144616,40-44,M,63,51858,8,12.63000011,1,1,6/27/2016,California,9.99,Tom,Ad Group D,Campaign 1
21757,1178,144616,40-44,M,63,280764,49,81.36000025,2,1,6/28/2016,Oregon,9.99,Jess,Ad Group D,Campaign 1
21761,1178,144617,40-44,M,64,63660,11,16.47000003,1,1,6/29/2016,California,9.99,Tina,Ad Group B,Campaign 2
21762,1178,144617,40-44,M,64,109289,19,31.02999997,1,0,6/30/2016,Oregon,9.99,Tina,Ad Group D,Campaign 1
21768,1178,144618,40-44,M,65,188440,40,60.72999966,2,1,7/1/2016,Texas,9.99,Jess,Ad Group D,Campaign 1
21771,1178,144619,40-44,M,2,212496,44,74.83000135,2,1,7/2/2016,Washington,9.99,Tom,Ad Group A,Campaign 3
21772,1178,144619,40-44,M,2,32574,5,7.480000019,1,0,7/3/2016,New York,9.99,Jess,Ad Group E,Campaign 1
21775,1178,144619,40-44,M,2,128595,23,36.4800005,1,1,7/4/2016,California,9.99,Tom,Ad Group A,Campaign 3
21777,1178,144620,40-44,M,7,242234,48,68.06000054,2,0,7/5/2016,Oregon,9.99,Jess,Ad Group B,Campaign 2
21784,1178,144621,40-44,M,66,33154,5,7.879999995,1,1,7/6/2016,Main,9.99,Tina,Ad Group D,Campaign 1
21785,1178,144621,40-44,M,66,9773,1,1.460000038,1,0,7/7/2016,New York,9.99,Tina,Ad Group D,Campaign 1
21789,1178,144622,45-49,M,10,464036,77,123.5500004,3,1,7/8/2016,South Carolina,9.99,Jess,Ad Group B,Campaign 2
21790,1178,144622,45-49,M,10,478480,75,135.7500012,3,1,7/9/2016,California,9.99,Tom,Ad Group D,Campaign 1
21792,1178,144622,45-49,M,10,428812,66,116.8800001,4,2,7/10/2016,California,9.99,Jess,Ad Group D,Campaign 1
21793,1178,144622,45-49,M,10,1177535,221,365.6600009,15,3,7/11/2016,Texas,9.99,Tom,Ad Group A,Campaign 3
21794,1178,144622,45-49,M,10,426500,72,128.2799988,4,1,7/12/2016,Florida,9.99,Jess,Ad Group E,Campaign 1
21797,1178,144623,45-49,M,15,54237,7,10.77999985,2,1,7/13/2016,Washington,9.99,Tina,Ad Group A,Campaign 3
21798,1178,144623,45-49,M,15,5064044,89,133.6999986,2,2,7/14/2016,New York,9.99,Tina,Ad Group B,Campaign 2
21799,1178,144623,45-49,M,15,250960,42,64.87999952,2,0,7/15/2016,California,9.99,Jess,Ad Group D,Campaign 1
21801,1178,144624,45-49,M,16,2286228,353,603.380002,16,7,7/16/2016,Oregon,9.99,Tom,Ad Group D,Campaign 1
21802,1178,144624,45-49,M,16,915451,125,220.559999,6,1,7/17/2016,California,9.99,Jess,Ad Group B,Campaign 2
21803,1178,144624,45-49,M,16,159478,20,33.89999998,3,1,7/18/2016,Oregon,9.99,Tom,Ad Group D,Campaign 1
21805,1178,144624,45-49,M,16,1228924,190,318.9700032,6,3,7/19/2016,Texas,9.99,Jess,Ad Group D,Campaign 1
21806,1178,144624,45-49,M,16,938283,134,248.6400001,7,2,7/20/2016,Washington,9.99,Tina,Ad Group A,Campaign 3
21807,1178,144625,45-49,M,18,154572,26,40.93000007,1,1,7/21/2016,New York,9.99,Tina,Ad Group E,Campaign 1
21809,1178,144625,45-49,M,18,378171,70,109.2500008,1,0,7/22/2016,California,9.99,Jess,Ad Group A,Campaign 3
21812,1178,144625,45-49,M,18,468749,84,134.1199975,6,1,7/23/2016,Oregon,9.99,Tom,Ad Group B,Campaign 2
21813,1178,144626,45-49,M,19,309823,60,103.3899996,4,4,7/24/2016,Main,9.99,Jess,Ad Group D,Campaign 1
21815,1178,144626,45-49,M,19,327227,65,116.5599996,5,0,7/25/2016,New York,9.99,Tom,Ad Group D,Campaign 1
21816,1178,144626,45-49,M,19,334945,72,120.2999994,2,1,7/26/2016,South Carolina,9.99,Jess,Ad Group B,Campaign 2
21817,1178,144626,45-49,M,19,68859,15,25.45999968,1,0,7/27/2016,California,9.99,Tina,Ad Group D,Campaign 1
21819,1178,144627,45-49,M,20,127125,20,35.67999983,2,0,7/28/2016,California,9.99,Tina,Ad Group D,Campaign 1
21820,1178,144627,45-49,M,20,415798,80,131.7800006,3,1,7/29/2016,Texas,9.99,Jess,Ad Group A,Campaign 3
21822,1178,144627,45-49,M,20,107671,20,29.91000021,1,1,7/30/2016,Florida,9.99,Tom,Ad Group E,Campaign 1
21823,1178,144627,45-49,M,20,164356,28,46.7900002,2,1,7/31/2016,Washington,9.99,Jess,Ad Group A,Campaign 3
21824,1178,144627,45-49,M,20,17662,2,3.189999938,1,0,8/1/2016,New York,9.99,Tom,Ad Group B,Campaign 2
21827,1178,144628,45-49,M,21,65339,10,16.67999983,2,0,8/2/2016,California,9.99,Jess,Ad Group D,Campaign 1
21828,1178,144628,45-49,M,21,59838,7,11.11000013,1,0,8/3/2016,Oregon,9.99,Tina,Ad Group D,Campaign 1
21829,1178,144628,45-49,M,21,381577,81,127.5699993,2,0,8/4/2016,California,9.99,Tina,Ad Group B,Campaign 2
21835,1178,144629,45-49,M,22,45491,8,11.00999999,1,0,8/5/2016,Oregon,9.99,Jess,Ad Group D,Campaign 1
21838,1178,144630,45-49,M,23,18946,2,3.599999905,1,0,8/6/2016,Texas,9.99,Tom,Ad Group D,Campaign 1
21841,1178,144630,45-49,M,23,114370,18,33.65999997,1,0,8/7/2016,Washington,9.99,Jess,Ad Group A,Campaign 3
21842,1178,144630,45-49,M,23,99698,21,33.3499999,1,0,8/8/2016,New York,9.99,Tom,Ad Group E,Campaign 1
21844,1178,144631,45-49,M,24,355165,81,128.6099997,4,3,8/9/2016,California,9.99,Jess,Ad Group A,Campaign 3
21850,1178,144632,45-49,M,25,101431,23,33.93000031,1,1,8/10/2016,Oregon,9.99,Tina,Ad Group B,Campaign 2
21852,1178,144632,45-49,M,25,123151,24,36.4400003,2,1,8/11/2016,Main,9.99,Tina,Ad Group D,Campaign 1
21860,1178,144633,45-49,M,26,24078,4,5.769999981,1,0,8/12/2016,New York,9.99,Jess,Ad Group D,Campaign 1
21861,1178,144634,45-49,M,27,517801,105,181.7200011,3,0,8/13/2016,South Carolina,9.99,Tom,Ad Group B,Campaign 2
21862,1178,144634,45-49,M,27,145104,25,41.42000008,2,1,8/14/2016,California,9.99,Jess,Ad Group D,Campaign 1
21864,1178,144634,45-49,M,27,179950,35,58.67999971,1,0,8/15/2016,California,9.99,Tom,Ad Group D,Campaign 1
21865,1178,144634,45-49,M,27,258531,46,80.33999979,2,0,8/16/2016,Texas,9.99,Jess,Ad Group A,Campaign 3
21866,1178,144634,45-49,M,27,272500,62,104.4599996,3,0,8/17/2016,Florida,9.99,Tina,Ad Group E,Campaign 1
21867,1178,144635,45-49,M,28,273197,57,87.7300005,3,0,8/18/2016,Washington,9.99,Tina,Ad Group A,Campaign 3
21868,1178,144635,45-49,M,28,775904,172,253.990002,4,2,8/19/2016,New York,9.99,Jess,Ad Group B,Campaign 2
21869,1178,144635,45-49,M,28,120251,26,39.44000006,1,0,8/20/2016,California,9.99,Tom,Ad Group D,Campaign 1
21871,1178,144635,45-49,M,28,139406,24,39.04999948,1,0,8/21/2016,Oregon,9.99,Jess,Ad Group D,Campaign 1
21872,1178,144635,45-49,M,28,60314,11,16.93999958,2,1,8/22/2016,California,9.99,Tom,Ad Group B,Campaign 2
21873,1178,144636,45-49,M,29,563074,86,142.7099985,4,2,8/23/2016,Oregon,9.99,Jess,Ad Group D,Campaign 1
21874,1178,144636,45-49,M,29,168655,18,27.29999983,2,0,8/24/2016,Texas,9.99,Tina,Ad Group D,Campaign 1
21875,1178,144636,45-49,M,29,111963,17,29.3799994,2,1,8/25/2016,Washington,9.99,Tina,Ad Group A,Campaign 3
21876,1178,144636,45-49,M,29,1026304,168,277.5799986,17,8,8/26/2016,New York,9.99,Jess,Ad Group E,Campaign 1
21877,1178,144636,45-49,M,29,1391924,258,422.8400038,17,10,8/27/2016,California,9.99,Tom,Ad Group A,Campaign 3
21878,1178,144636,45-49,M,29,147551,22,38.50000083,1,0,8/28/2016,Oregon,9.99,Jess,Ad Group B,Campaign 2
21885,1178,144638,45-49,M,31,66794,9,17.3299998,1,1,8/29/2016,Main,9.99,Tom,Ad Group D,Campaign 1
21887,1178,144638,45-49,M,31,118882,19,32.30999994,2,1,8/30/2016,New York,9.99,Jess,Ad Group D,Campaign 1
21889,1178,144638,45-49,M,31,148010,24,41.96999943,1,0,8/31/2016,South Carolina,9.99,Tina,Ad Group B,Campaign 2
21891,1178,144639,45-49,M,32,932890,197,352.4499989,3,1,9/1/2016,California,9.99,Tina,Ad Group D,Campaign 1
21892,1178,144639,45-49,M,32,718359,147,264.5899997,4,1,9/2/2016,California,9.99,Jess,Ad Group D,Campaign 1
21893,1178,144639,45-49,M,32,433658,82,158.5999998,5,2,9/3/2016,Texas,9.99,Tom,Ad Group A,Campaign 3
21895,1178,144639,45-49,M,32,29455,3,4.769999981,1,0,9/4/2016,Florida,9.99,Jess,Ad Group E,Campaign 1
21901,1178,144640,45-49,M,36,23973,3,4.820000052,1,1,9/5/2016,Washington,9.99,Tom,Ad Group A,Campaign 3
21905,1178,144641,45-49,M,63,126480,25,37.25999999,1,1,9/6/2016,New York,9.99,Jess,Ad Group B,Campaign 2
21906,1178,144641,45-49,M,63,138959,28,39.5200007,1,0,9/7/2016,California,9.99,Tina,Ad Group D,Campaign 1
21908,1178,144641,45-49,M,63,68829,12,19.47999978,1,0,9/8/2016,Oregon,9.99,Tina,Ad Group D,Campaign 1
21911,1178,144642,45-49,M,64,494044,10,16.38,1,1,9/9/2016,California,9.99,Jess,Ad Group B,Campaign 2
21916,1178,144643,45-49,M,65,76014,16,22.67000031,1,1,9/10/2016,Oregon,9.99,Tom,Ad Group D,Campaign 1
21923,1178,144644,45-49,M,2,50947,10,15.99000025,1,0,9/11/2016,Texas,9.99,Jess,Ad Group D,Campaign 1
21933,1178,144646,45-49,M,66,55536,11,17.04999995,1,0,9/12/2016,Washington,9.99,Tom,Ad Group A,Campaign 3
21941,1178,144647,30-34,F,10,318042,46,64.40999997,8,4,9/13/2016,New York,9.99,Jess,Ad Group E,Campaign 1
21942,1178,144647,30-34,F,10,213016,30,44.21999955,8,2,9/14/2016,California,9.99,Tina,Ad Group A,Campaign 3
21945,1178,144648,30-34,F,15,182265,27,38.18000007,2,1,9/15/2016,Oregon,9.99,Tina,Ad Group B,Campaign 2
21946,1178,144648,30-34,F,15,1117371,177,268.050002,26,5,9/16/2016,Main,9.99,Jess,Ad Group D,Campaign 1
21949,1178,144648,30-34,F,15,333345,52,77.59000027,5,1,9/17/2016,New York,9.99,Tom,Ad Group D,Campaign 1
21951,1178,144649,30-34,F,16,275930,30,46.77999997,5,2,9/18/2016,South Carolina,9.99,Jess,Ad Group B,Campaign 2
21953,1178,144649,30-34,F,16,740631,101,153.1199975,9,1,9/19/2016,California,9.99,Tom,Ad Group D,Campaign 1
21954,1178,144649,30-34,F,16,328272,35,55.99000025,2,1,9/20/2016,California,9.99,Jess,Ad Group D,Campaign 1
21955,1178,144649,30-34,F,16,178455,20,31.5400002,6,3,9/21/2016,Texas,9.99,Tina,Ad Group A,Campaign 3
21956,1178,144649,30-34,F,16,705712,98,147.339999,6,1,9/22/2016,Florida,9.99,Tina,Ad Group E,Campaign 1
21958,1178,144650,30-34,F,18,690373,91,159.5700021,5,2,9/23/2016,Washington,9.99,Jess,Ad Group A,Campaign 3
21959,1178,144650,30-34,F,18,515812,69,117.6299995,3,1,9/24/2016,New York,9.99,Tom,Ad Group B,Campaign 2
21960,1178,144650,30-34,F,18,764793,101,171.9799976,4,2,9/25/2016,California,9.99,Jess,Ad Group D,Campaign 1
21963,1178,144651,30-34,F,19,87832,11,18.10000038,1,1,9/26/2016,Oregon,9.99,Tom,Ad Group D,Campaign 1
21964,1178,144651,30-34,F,19,23368,3,4.300000191,1,0,9/27/2016,California,9.99,Jess,Ad Group B,Campaign 2
21965,1178,144651,30-34,F,19,51509,7,11.57000005,1,0,9/28/2016,Oregon,9.99,Tina,Ad Group D,Campaign 1
21967,1178,144651,30-34,F,19,87043,16,24.48000002,2,0,9/29/2016,Texas,9.99,Tina,Ad Group D,Campaign 1
21968,1178,144651,30-34,F,19,565565,113,169.6699982,7,4,9/30/2016,Washington,9.99,Jess,Ad Group A,Campaign 3
21969,1178,144652,30-34,F,20,253758,43,62.14000034,4,1,10/1/2016,New York,9.99,Tom,Ad Group E,Campaign 1
21973,1178,144652,30-34,F,20,319131,51,76.68000025,6,1,10/2/2016,California,9.99,Jess,Ad Group A,Campaign 3
21974,1178,144652,30-34,F,20,670608,130,195.1499978,11,3,10/3/2016,Oregon,9.99,Tom,Ad Group B,Campaign 2
21975,1178,144653,30-34,F,21,159123,25,38.36000013,5,3,10/4/2016,Main,9.99,Jess,Ad Group D,Campaign 1
21976,1178,144653,30-34,F,21,103709,15,24.56999969,3,1,10/5/2016,New York,9.99,Tina,Ad Group D,Campaign 1
21979,1178,144653,30-34,F,21,271589,45,74.41000032,9,3,10/6/2016,South Carolina,9.99,Tina,Ad Group B,Campaign 2
21980,1178,144653,30-34,F,21,119772,20,33.46999907,5,2,10/7/2016,California,9.99,Jess,Ad Group D,Campaign 1
21982,1178,144654,30-34,F,22,26340,3,4.220000029,1,1,10/8/2016,California,9.99,Tom,Ad Group D,Campaign 1
21983,1178,144654,30-34,F,22,594968,111,147.6700006,4,0,10/9/2016,Texas,9.99,Jess,Ad Group A,Campaign 3
21993,1178,144656,30-34,F,24,185665,39,62.14000058,1,0,10/10/2016,Florida,9.99,Tom,Ad Group E,Campaign 1
21995,1178,144656,30-34,F,24,24959,3,4.560000062,1,1,10/11/2016,Washington,9.99,Jess,Ad Group A,Campaign 3
21996,1178,144656,30-34,F,24,136967,23,35.05999982,3,1,10/12/2016,New York,9.99,Tina,Ad Group B,Campaign 2
21998,1178,144656,30-34,F,24,107548,19,29.31000018,1,0,10/13/2016,California,9.99,Tina,Ad Group D,Campaign 1
22003,1178,144657,30-34,F,25,588617,119,169.9199973,2,0,10/14/2016,Oregon,9.99,Jess,Ad Group D,Campaign 1
22006,1178,144658,30-34,F,26,190560,26,41.63,3,1,10/15/2016,California,9.99,Tom,Ad Group B,Campaign 2
22007,1178,144658,30-34,F,26,373110,49,75.70000076,4,2,10/16/2016,Oregon,9.99,Jess,Ad Group D,Campaign 1
22012,1178,144659,30-34,F,27,935646,170,256.4699982,19,6,10/17/2016,Texas,9.99,Tom,Ad Group D,Campaign 1
22014,1178,144659,30-34,F,27,2223278,421,612.3000032,38,13,10/18/2016,Washington,9.99,Jess,Ad Group A,Campaign 3
22015,1178,144659,30-34,F,27,240497,36,51.84000087,1,0,10/19/2016,New York,9.99,Tina,Ad Group E,Campaign 1
22016,1178,144659,30-34,F,27,259984,37,54.7900002,5,0,10/20/2016,California,9.99,Tina,Ad Group A,Campaign 3
22017,1178,144660,30-34,F,28,606786,127,179.050001,11,3,10/21/2016,Oregon,9.99,Jess,Ad Group B,Campaign 2
22018,1178,144660,30-34,F,28,83270,13,17.74000001,1,0,10/22/2016,Main,9.99,Tom,Ad Group D,Campaign 1
22019,1178,144660,30-34,F,28,1189509,268,375.7199963,7,3,10/23/2016,New York,9.99,Jess,Ad Group D,Campaign 1
22020,1178,144660,30-34,F,28,11471,1,1.570000052,0,0,10/24/2016,South Carolina,9.99,Tom,Ad Group B,Campaign 2
22024,1178,144661,30-34,F,29,1705246,295,429.4799981,23,10,10/25/2016,California,9.99,Jess,Ad Group D,Campaign 1
22026,1178,144661,30-34,F,29,418016,63,95.8500005,3,1,10/26/2016,California,9.99,Tina,Ad Group D,Campaign 1
22027,1178,144661,30-34,F,29,30155,3,3.819999933,1,0,10/27/2016,Texas,9.99,Tina,Ad Group A,Campaign 3
22028,1178,144661,30-34,F,29,990404,153,226.5399992,12,6,10/28/2016,Florida,9.99,Jess,Ad Group E,Campaign 1
22029,1178,144662,30-34,F,30,187468,34,50.72000062,2,1,10/29/2016,Washington,9.99,Tom,Ad Group A,Campaign 3
22032,1178,144662,30-34,F,30,208301,33,54.57000089,1,0,10/30/2016,New York,9.99,Jess,Ad Group B,Campaign 2
22033,1178,144662,30-34,F,30,101856,16,25.22000039,4,1,10/31/2016,California,9.99,Tom,Ad Group D,Campaign 1
22035,1178,144663,30-34,F,31,48935,7,9.970000267,1,1,11/1/2016,Oregon,9.99,Jess,Ad Group D,Campaign 1
22039,1178,144663,30-34,F,31,13911,1,1.730000019,1,1,11/2/2016,California,9.99,Tina,Ad Group B,Campaign 2
22041,1178,144664,30-34,F,32,511726,77,123.0900019,8,4,11/3/2016,Oregon,9.99,Tina,Ad Group D,Campaign 1
22043,1178,144664,30-34,F,32,177452,24,37.83000016,2,0,11/4/2016,Texas,9.99,Jess,Ad Group D,Campaign 1
22044,1178,144664,30-34,F,32,149808,20,33.03999937,1,1,11/5/2016,Washington,9.99,Tom,Ad Group A,Campaign 3
22045,1178,144664,30-34,F,32,390339,60,105.0199997,9,6,11/6/2016,New York,9.99,Jess,Ad Group E,Campaign 1
22047,1178,144665,30-34,F,36,39339,4,5.929999948,1,0,11/7/2016,California,9.99,Tom,Ad Group A,Campaign 3
22055,1178,144666,30-34,F,63,24893,2,3.75,1,0,11/8/2016,Oregon,9.99,Jess,Ad Group B,Campaign 2
22056,1178,144666,30-34,F,63,1296189,212,343.2599944,14,4,11/9/2016,Main,9.99,Tina,Ad Group D,Campaign 1
22057,1178,144666,30-34,F,63,404407,12,19.1899997,2,1,11/10/2016,New York,9.99,Tina,Ad Group D,Campaign 1
22059,1178,144667,30-34,F,64,238036,38,61.02999771,6,3,11/11/2016,South Carolina,9.99,Jess,Ad Group B,Campaign 2
22060,1178,144667,30-34,F,64,254344,35,56.16999996,2,1,11/12/2016,California,9.99,Tom,Ad Group D,Campaign 1
22061,1178,144667,30-34,F,64,157705,23,39.23000026,2,0,11/13/2016,California,9.99,Jess,Ad Group D,Campaign 1
22062,1178,144667,30-34,F,64,411571,60,99.1799984,6,1,11/14/2016,Texas,9.99,Tom,Ad Group A,Campaign 3
22063,1178,144667,30-34,F,64,94136,11,16.17999971,1,0,11/15/2016,Florida,9.99,Jess,Ad Group E,Campaign 1
22067,1178,144668,30-34,F,65,82640,16,23.97000039,1,1,11/16/2016,Washington,9.99,Tina,Ad Group A,Campaign 3
22069,1178,144668,30-34,F,65,17870,2,2.620000005,1,1,11/17/2016,New York,9.99,Tina,Ad Group B,Campaign 2
22071,1178,144669,30-34,F,2,19178,2,2.779999971,1,1,11/18/2016,California,9.99,Jess,Ad Group D,Campaign 1
22074,1178,144669,30-34,F,2,145548,28,42.37000036,2,1,11/19/2016,Oregon,9.99,Tom,Ad Group D,Campaign 1
22076,1178,144669,30-34,F,2,82455,15,22.04999971,1,0,11/20/2016,California,9.99,Jess,Ad Group B,Campaign 2
22077,1178,144670,30-34,F,7,44189,7,10.31999981,2,0,11/21/2016,Oregon,9.99,Tom,Ad Group D,Campaign 1
22078,1178,144670,30-34,F,7,45199,7,9.809999943,1,0,11/22/2016,Texas,9.99,Jess,Ad Group D,Campaign 1
22081,1178,144670,30-34,F,7,221843,43,63.45000076,5,0,11/23/2016,Washington,9.99,Tina,Ad Group A,Campaign 3
22088,1178,144671,30-34,F,66,41672,6,10.54999995,2,1,11/24/2016,New York,9.99,Tina,Ad Group E,Campaign 1
22089,1178,144672,35-39,F,10,127546,25,38.94000041,2,0,11/25/2016,California,9.99,Jess,Ad Group A,Campaign 3
22090,1178,144672,35-39,F,10,127865,28,38.02999961,3,1,11/26/2016,Oregon,9.99,Tom,Ad Group B,Campaign 2
22091,1178,144672,35-39,F,10,1025327,229,314.2999983,16,2,11/27/2016,Main,9.99,Jess,Ad Group D,Campaign 1
22094,1178,144672,35-39,F,10,561415,124,173.76,3,0,11/28/2016,New York,9.99,Tom,Ad Group D,Campaign 1
22095,1178,144673,35-39,F,15,132803,25,37.32000124,2,1,11/29/2016,South Carolina,9.99,Jess,Ad Group B,Campaign 2
22097,1178,144673,35-39,F,15,24664,2,2.629999995,1,1,11/30/2016,California,9.99,Tina,Ad Group D,Campaign 1
22101,1178,144674,35-39,F,16,1020561,172,263.8100007,7,3,12/1/2016,California,9.99,Tina,Ad Group D,Campaign 1
22102,1178,144674,35-39,F,16,682143,114,177.1099993,6,2,12/2/2016,Texas,9.99,Jess,Ad Group A,Campaign 3
22103,1178,144674,35-39,F,16,1247717,222,343.4199994,11,4,12/3/2016,Florida,9.99,Tom,Ad Group E,Campaign 1
22104,1178,144674,35-39,F,16,146406,23,33.22999942,1,1,12/4/2016,Washington,9.99,Jess,Ad Group A,Campaign 3
22105,1178,144674,35-39,F,16,905699,161,234.6599982,4,1,12/5/2016,New York,9.99,Tom,Ad Group B,Campaign 2
22106,1178,144674,35-39,F,16,1184580,194,297.8299981,14,3,12/6/2016,California,9.99,Jess,Ad Group D,Campaign 1
22107,1178,144675,35-39,F,18,98057,20,31.00999963,1,1,12/7/2016,Oregon,9.99,Tina,Ad Group D,Campaign 1
22117,1178,144676,35-39,F,19,238735,56,84.65999889,4,1,12/8/2016,California,9.99,Tina,Ad Group B,Campaign 2
22118,1178,144676,35-39,F,19,320657,77,115.8800026,2,0,12/9/2016,Oregon,9.99,Jess,Ad Group D,Campaign 1
22125,1178,144678,35-39,F,21,244074,57,84.51000023,4,2,12/10/2016,Texas,9.99,Tom,Ad Group D,Campaign 1
22128,1178,144678,35-39,F,21,39146,8,13.05999959,1,0,12/11/2016,Washington,9.99,Jess,Ad Group A,Campaign 3
22131,1178,144679,35-39,F,22,78468,15,23.64999962,1,0,12/12/2016,New York,9.99,Tom,Ad Group E,Campaign 1
22133,1178,144679,35-39,F,22,325653,63,89.35000026,2,0,12/13/2016,California,9.99,Jess,Ad Group A,Campaign 3
22135,1178,144679,35-39,F,22,66277,12,17.30000019,1,0,12/14/2016,Oregon,9.99,Tina,Ad Group B,Campaign 2
21512,1178,144679,35-39,F,22,93002,16,23.33999968,1,0,12/15/2016,Main,9.99,Tina,Ad Group D,Campaign 1
22144,1178,144681,35-39,F,24,109723,27,40.9600004,1,0,12/16/2016,New York,9.99,Jess,Ad Group D,Campaign 1
22148,1178,144681,35-39,F,24,118941,35,50.11000001,4,1,12/17/2016,South Carolina,9.99,Tom,Ad Group B,Campaign 2
22149,1178,144682,35-39,F,25,221576,47,66.79000068,6,1,12/18/2016,California,9.99,Jess,Ad Group D,Campaign 1
22153,1178,144682,35-39,F,25,8341,1,1.639999986,1,0,12/19/2016,California,9.99,Tom,Ad Group D,Campaign 1
22154,1178,144682,35-39,F,25,120335,26,36.2299993,2,0,12/20/2016,Texas,9.99,Jess,Ad Group A,Campaign 3
22155,1178,144683,35-39,F,26,182098,40,62.86999989,1,1,12/21/2016,Florida,9.99,Tina,Ad Group E,Campaign 1
22156,1178,144683,35-39,F,26,227473,52,71.58000052,1,1,12/22/2016,Washington,9.99,Tina,Ad Group A,Campaign 3
22162,1178,144684,35-39,F,27,1050947,230,350.5099957,6,1,12/23/2016,New York,9.99,Jess,Ad Group B,Campaign 2
22163,1178,144684,35-39,F,27,720859,162,213.6899986,13,5,12/24/2016,California,9.99,Tom,Ad Group D,Campaign 1
22171,1178,144685,35-39,F,28,41111,8,10.96000016,1,0,12/25/2016,Oregon,9.99,Jess,Ad Group D,Campaign 1
22173,1178,144686,35-39,F,29,148616,25,37.39999962,6,4,12/26/2016,California,9.99,Tom,Ad Group B,Campaign 2
22176,1178,144686,35-39,F,29,707260,135,210.8200028,13,6,12/27/2016,Oregon,9.99,Jess,Ad Group D,Campaign 1
22177,1178,144686,35-39,F,29,139596,26,42.41000032,1,1,12/28/2016,Texas,9.99,Tina,Ad Group D,Campaign 1
22183,1178,144687,35-39,F,30,105399,22,33.19999933,2,0,12/29/2016,Washington,9.99,Tina,Ad Group A,Campaign 3
22194,1178,144689,35-39,F,32,222378,50,72.91000104,1,0,12/30/2016,New York,9.99,Jess,Ad Group E,Campaign 1
22203,1178,144691,35-39,F,63,975792,210,293.8800011,10,4,12/31/2016,California,9.99,Tom,Ad Group A,Campaign 3
22204,1178,144691,35-39,F,63,579150,125,167.0499997,5,1,1/1/2017,Oregon,9.99,Jess,Ad Group B,Campaign 2
22205,1178,144691,35-39,F,63,449588,81,123.800001,5,2,1/2/2017,Main,9.99,Tom,Ad Group D,Campaign 1
22206,1178,144691,35-39,F,63,318157,56,85.70000196,3,0,1/3/2017,New York,9.99,Jess,Ad Group D,Campaign 1
22207,1178,144691,35-39,F,63,196967,43,65.17999971,2,1,1/4/2017,South Carolina,9.99,Tina,Ad Group B,Campaign 2
22211,1178,144692,35-39,F,64,158298,37,46.43000007,4,1,1/5/2017,California,9.99,Tina,Ad Group D,Campaign 1
22212,1178,144692,35-39,F,64,222739,55,68.55999959,5,2,1/6/2017,California,9.99,Jess,Ad Group D,Campaign 1
22222,1178,144694,35-39,F,2,20780,5,8.189999938,1,0,1/7/2017,Texas,9.99,Tom,Ad Group A,Campaign 3
22227,1178,144695,35-39,F,7,128616,33,48.54999948,2,0,1/8/2017,Florida,9.99,Jess,Ad Group E,Campaign 1
22239,1178,144697,40-44,F,10,258954,61,82.27999902,1,0,1/9/2017,Washington,9.99,Tom,Ad Group A,Campaign 3
22240,1178,144697,40-44,F,10,205289,48,71.53000104,3,0,1/10/2017,New York,9.99,Jess,Ad Group B,Campaign 2
22241,1178,144697,40-44,F,10,611601,138,191.419996,8,3,1/11/2017,California,9.99,Tina,Ad Group D,Campaign 1
22243,1178,144697,40-44,F,10,947657,233,321.8700004,8,4,1/12/2017,Oregon,9.99,Tina,Ad Group D,Campaign 1
22244,1178,144697,40-44,F,10,233043,49,65.03000033,2,0,1/13/2017,California,9.99,Jess,Ad Group B,Campaign 2
22247,1178,144698,40-44,F,15,582725,142,194.8099988,9,2,1/14/2017,Oregon,9.99,Tom,Ad Group D,Campaign 1
22252,1178,144699,40-44,F,16,265038,51,78.45999932,2,1,1/15/2017,Texas,9.99,Jess,Ad Group D,Campaign 1
22254,1178,144699,40-44,F,16,222273,39,53.62999868,6,1,1/16/2017,Washington,9.99,Tom,Ad Group A,Campaign 3
22255,1178,144699,40-44,F,16,797234,170,243.7699978,4,1,1/17/2017,New York,9.99,Jess,Ad Group E,Campaign 1
22256,1178,144699,40-44,F,16,925555,182,262.8899981,4,2,1/18/2017,California,9.99,Tina,Ad Group A,Campaign 3
22258,1178,144700,40-44,F,18,22210,3,4.050000191,1,1,1/19/2017,Oregon,9.99,Tina,Ad Group B,Campaign 2
22275,1178,144703,40-44,F,21,46391,11,16.40999985,3,1,1/20/2017,Main,9.99,Jess,Ad Group D,Campaign 1
22278,1178,144703,40-44,F,21,190477,42,66.38999987,1,0,1/21/2017,New York,9.99,Tom,Ad Group D,Campaign 1
22279,1178,144703,40-44,F,21,25382,7,9.609999895,1,0,1/22/2017,South Carolina,9.99,Jess,Ad Group B,Campaign 2
22285,1178,144704,40-44,F,22,65726,17,22.12000012,2,0,1/23/2017,California,9.99,Tom,Ad Group D,Campaign 1
22289,1178,144705,40-44,F,23,195220,51,78.06000042,1,0,1/24/2017,California,9.99,Jess,Ad Group D,Campaign 1
22292,1178,144705,40-44,F,23,107501,27,40.87999928,2,2,1/25/2017,Texas,9.99,Tina,Ad Group A,Campaign 3
22301,1178,144707,40-44,F,25,197772,63,88.21000016,7,2,1/26/2017,Florida,9.99,Tina,Ad Group E,Campaign 1
22302,1178,144707,40-44,F,25,138154,35,48.93999863,1,0,1/27/2017,Washington,9.99,Jess,Ad Group A,Campaign 3
22303,1178,144707,40-44,F,25,270124,69,95.84999895,2,0,1/28/2017,New York,9.99,Tom,Ad Group B,Campaign 2
22305,1178,144708,40-44,F,26,303971,77,106.9299998,11,6,1/29/2017,California,9.99,Jess,Ad Group D,Campaign 1
22307,1178,144708,40-44,F,26,682046,183,254.419997,4,2,1/30/2017,Oregon,9.99,Tom,Ad Group D,Campaign 1
22309,1178,144708,40-44,F,26,328365,83,117.3400005,2,1,1/31/2017,California,9.99,Jess,Ad Group B,Campaign 2
22312,1178,144709,40-44,F,27,1083259,276,390.2599992,11,0,2/1/2017,Oregon,9.99,Tina,Ad Group D,Campaign 1
22313,1178,144709,40-44,F,27,913929,245,340.4099993,7,2,2/2/2017,Texas,9.99,Tina,Ad Group D,Campaign 1
22318,1178,144710,40-44,F,28,101586,24,33.47000039,2,1,2/3/2017,Washington,9.99,Jess,Ad Group A,Campaign 3
22320,1178,144710,40-44,F,28,181053,46,66.27999985,3,1,2/4/2017,New York,9.99,Tom,Ad Group E,Campaign 1
22321,1178,144710,40-44,F,28,133419,35,48.18000007,2,1,2/5/2017,California,9.99,Jess,Ad Group A,Campaign 3
22325,1178,144711,40-44,F,29,489573,113,156.1199993,3,2,2/6/2017,Oregon,9.99,Tom,Ad Group B,Campaign 2
22327,1178,144711,40-44,F,29,822023,194,288.3300035,6,0,2/7/2017,Main,9.99,Jess,Ad Group D,Campaign 1
22331,1178,144712,40-44,F,30,93176,29,40.37000024,1,1,2/8/2017,New York,9.99,Tina,Ad Group D,Campaign 1
22338,1178,144713,40-44,F,31,47229,13,19.27999985,1,0,2/9/2017,South Carolina,9.99,Tina,Ad Group B,Campaign 2
22339,1178,144713,40-44,F,31,92263,24,34.03000015,1,0,2/10/2017,California,9.99,Jess,Ad Group D,Campaign 1
22340,1178,144713,40-44,F,31,81551,21,29.67000008,1,0,2/11/2017,California,9.99,Tom,Ad Group D,Campaign 1
22345,1178,144714,40-44,F,32,141037,32,47.78999913,3,0,2/12/2017,Texas,9.99,Jess,Ad Group A,Campaign 3
22346,1178,144714,40-44,F,32,319501,79,111.6500003,0,0,2/13/2017,Florida,9.99,Tom,Ad Group E,Campaign 1
22349,1178,144715,40-44,F,36,72741,19,24.33000016,2,0,2/14/2017,Washington,9.99,Jess,Ad Group A,Campaign 3
22354,1178,144716,40-44,F,63,597419,135,188.5100002,2,1,2/15/2017,New York,9.99,Tina,Ad Group B,Campaign 2
22357,1178,144716,40-44,F,63,98768,21,33.14000034,1,1,2/16/2017,California,9.99,Tina,Ad Group D,Campaign 1
22360,1178,144717,40-44,F,64,173165,41,59.85000026,1,0,2/17/2017,Oregon,9.99,Jess,Ad Group D,Campaign 1
22365,1178,144718,40-44,F,65,55823,13,21.10999966,1,1,2/18/2017,California,9.99,Tom,Ad Group B,Campaign 2
22366,1178,144718,40-44,F,65,118451,28,38.35000062,4,1,2/19/2017,Oregon,9.99,Jess,Ad Group D,Campaign 1
22376,1178,144719,40-44,F,2,74424,22,30.84000027,1,1,2/20/2017,Texas,9.99,Tom,Ad Group D,Campaign 1
22377,1178,144720,40-44,F,7,47929,12,14.58999991,1,1,2/21/2017,Washington,9.99,Jess,Ad Group A,Campaign 3
22382,1178,144720,40-44,F,7,40801,12,15.91999972,0,0,2/22/2017,New York,9.99,Tina,Ad Group E,Campaign 1
22383,1178,144721,40-44,F,66,66017,17,24.22000015,1,0,2/23/2017,California,9.99,Tina,Ad Group A,Campaign 3
22389,1178,144722,45-49,F,10,725043,179,238.4000007,5,3,2/24/2017,Oregon,9.99,Jess,Ad Group B,Campaign 2
22391,1178,144722,45-49,F,10,382776,97,132.7300007,5,1,2/25/2017,Main,9.99,Tom,Ad Group D,Campaign 1
22392,1178,144722,45-49,F,10,548250,137,201.6000042,5,1,2/26/2017,New York,9.99,Jess,Ad Group D,Campaign 1
22393,1178,144722,45-49,F,10,1358324,346,465.0799981,8,2,2/27/2017,South Carolina,9.99,Tom,Ad Group B,Campaign 2
22397,1178,144723,45-49,F,15,662249,163,234.9399992,2,0,2/28/2017,California,9.99,Jess,Ad Group D,Campaign 1
22400,1178,144723,45-49,F,15,559554,139,195.0799994,2,0,3/1/2017,California,9.99,Tina,Ad Group D,Campaign 1
22401,1178,144724,45-49,F,16,320757,68,104.6899989,2,0,3/2/2017,Texas,9.99,Tina,Ad Group A,Campaign 3
22402,1178,144724,45-49,F,16,906151,202,295.5499957,1,0,3/3/2017,Florida,9.99,Jess,Ad Group E,Campaign 1
22403,1178,144724,45-49,F,16,699314,164,226.0300014,3,0,3/4/2017,Washington,9.99,Tom,Ad Group A,Campaign 3
22404,1178,144724,45-49,F,16,850337,198,287.690003,3,1,3/5/2017,New York,9.99,Jess,Ad Group B,Campaign 2
22405,1178,144724,45-49,F,16,1015460,247,315.9000051,9,2,3/6/2017,California,9.99,Tom,Ad Group D,Campaign 1
22409,1178,144725,45-49,F,18,890295,227,332.9899989,1,0,3/7/2017,Oregon,9.99,Jess,Ad Group D,Campaign 1
22410,1178,144725,45-49,F,18,791817,194,282.490001,4,2,3/8/2017,California,9.99,Tina,Ad Group B,Campaign 2
22411,1178,144725,45-49,F,18,317601,76,115.6600008,1,0,3/9/2017,Oregon,9.99,Tina,Ad Group D,Campaign 1
22412,1178,144725,45-49,F,18,685211,164,247.3200026,4,3,3/10/2017,Texas,9.99,Jess,Ad Group D,Campaign 1
22413,1178,144726,45-49,F,19,32781,7,11.20000017,2,2,3/11/2017,Washington,9.99,Tom,Ad Group A,Campaign 3
22416,1178,144726,45-49,F,19,76785,19,25.45999998,3,0,3/12/2017,New York,9.99,Jess,Ad Group E,Campaign 1
22417,1178,144726,45-49,F,19,719083,206,299.5299983,12,5,3/13/2017,California,9.99,Tom,Ad Group A,Campaign 3
22423,1178,144727,45-49,F,20,368480,107,140.4200011,5,4,3/14/2017,Oregon,9.99,Jess,Ad Group B,Campaign 2
22424,1178,144727,45-49,F,20,260945,73,100.8800011,2,2,3/15/2017,Main,9.99,Tina,Ad Group D,Campaign 1
22425,1178,144728,45-49,F,21,40998,10,13.35000038,1,0,3/16/2017,New York,9.99,Tina,Ad Group D,Campaign 1
22427,1178,144728,45-49,F,21,183293,53,73.74999964,2,1,3/17/2017,South Carolina,9.99,Jess,Ad Group B,Campaign 2
22432,1178,144729,45-49,F,22,221561,55,76.75999404,1,0,3/18/2017,California,9.99,Tom,Ad Group D,Campaign 1
22433,1178,144729,45-49,F,22,436943,109,145.8199974,1,1,3/19/2017,California,9.99,Jess,Ad Group D,Campaign 1
22440,1178,144730,45-49,F,23,284488,90,125.2700011,1,1,3/20/2017,Texas,9.99,Tom,Ad Group A,Campaign 3
22444,1178,144731,45-49,F,24,85083,32,38.62999976,1,1,3/21/2017,Florida,9.99,Jess,Ad Group E,Campaign 1
22446,1178,144731,45-49,F,24,14167,5,7.139999986,1,0,3/22/2017,Washington,9.99,Tina,Ad Group A,Campaign 3
22449,1178,144732,45-49,F,25,300637,84,116.9899981,2,0,3/23/2017,New York,9.99,Tina,Ad Group B,Campaign 2
22453,1178,144732,45-49,F,25,449921,129,175.9700005,5,1,3/24/2017,California,9.99,Jess,Ad Group D,Campaign 1
22454,1178,144732,45-49,F,25,282899,71,105.6600007,1,0,3/25/2017,Oregon,9.99,Tom,Ad Group D,Campaign 1
22457,1178,144733,45-49,F,26,669671,186,259.1799988,4,1,3/26/2017,California,9.99,Jess,Ad Group B,Campaign 2
22458,1178,144733,45-49,F,26,108655,28,46.92000186,1,0,3/27/2017,Oregon,9.99,Tom,Ad Group D,Campaign 1
22460,1178,144733,45-49,F,26,536248,146,187.7399978,3,0,3/28/2017,Texas,9.99,Jess,Ad Group D,Campaign 1
22462,1178,144734,45-49,F,27,1055017,265,380.6599952,16,2,3/29/2017,Washington,9.99,Tina,Ad Group A,Campaign 3
22465,1178,144734,45-49,F,27,1428421,367,541.7000023,10,0,3/30/2017,New York,9.99,Tina,Ad Group E,Campaign 1
22466,1178,144734,45-49,F,27,1088027,272,409.5600026,9,4,3/31/2017,California,9.99,Jess,Ad Group A,Campaign 3
22467,1178,144735,45-49,F,28,288517,78,102.3900002,3,0,4/1/2017,Oregon,9.99,Tom,Ad Group B,Campaign 2
22468,1178,144735,45-49,F,28,202231,53,67.13000107,3,1,4/2/2017,Main,9.99,Jess,Ad Group D,Campaign 1
22470,1178,144735,45-49,F,28,73222,16,22.86000025,1,0,4/3/2017,New York,9.99,Tom,Ad Group D,Campaign 1
22471,1178,144735,45-49,F,28,348542,96,134.889999,2,0,4/4/2017,South Carolina,9.99,Jess,Ad Group B,Campaign 2
22473,1178,144736,45-49,F,29,1097966,266,369.069997,16,8,4/5/2017,California,9.99,Tina,Ad Group D,Campaign 1
22474,1178,144736,45-49,F,29,526923,138,198.0899972,2,1,4/6/2017,California,9.99,Tina,Ad Group D,Campaign 1
22476,1178,144736,45-49,F,29,264386,66,91.00000054,4,1,4/7/2017,Texas,9.99,Jess,Ad Group A,Campaign 3
22477,1178,144736,45-49,F,29,854940,227,297.9100007,8,3,4/8/2017,Florida,9.99,Tom,Ad Group E,Campaign 1
22479,1178,144737,45-49,F,30,113567,34,50.29000044,3,0,4/9/2017,Washington,9.99,Jess,Ad Group A,Campaign 3
22482,1178,144737,45-49,F,30,22859,6,9.419999838,1,0,4/10/2017,New York,9.99,Tom,Ad Group B,Campaign 2
22488,1178,144738,45-49,F,31,51754,13,20.51999998,1,0,4/11/2017,California,9.99,Jess,Ad Group D,Campaign 1
22490,1178,144738,45-49,F,31,104347,28,38.13999993,4,3,4/12/2017,Oregon,9.99,Tina,Ad Group D,Campaign 1
22503,1178,144741,45-49,F,63,391998,97,142.0500025,3,1,4/13/2017,California,9.99,Tina,Ad Group B,Campaign 2
22504,1178,144741,45-49,F,63,1111156,282,402.3000026,5,0,4/14/2017,Oregon,9.99,Jess,Ad Group D,Campaign 1
22508,1178,144741,45-49,F,63,427772,117,159.299999,3,1,4/15/2017,Texas,9.99,Tom,Ad Group D,Campaign 1
22510,1178,144742,45-49,F,64,536457,136,193.6599991,2,1,4/16/2017,Washington,9.99,Jess,Ad Group A,Campaign 3
22511,1178,144742,45-49,F,64,179894,43,66.83999872,2,0,4/17/2017,New York,9.99,Tom,Ad Group E,Campaign 1
22512,1178,144742,45-49,F,64,479882,131,178.6700007,6,0,4/18/2017,California,9.99,Jess,Ad Group A,Campaign 3
22513,1178,144742,45-49,F,64,358261,91,130.3600011,1,0,4/19/2017,Oregon,9.99,Tina,Ad Group B,Campaign 2
22516,1178,144743,45-49,F,65,346688,88,114.8599998,2,0,4/20/2017,Main,9.99,Tina,Ad Group D,Campaign 1
14496,1178,179863,30-34,M,100,33445,2,3.199999928,1,0,4/21/2017,New York,9.99,Jess,Ad Group D,Campaign 1
14497,1178,179864,30-34,M,101,72228,5,7.529999852,4,4,4/22/2017,South Carolina,9.99,Tom,Ad Group B,Campaign 2
14498,1178,179865,30-34,M,102,49699,2,2.690000057,2,1,4/23/2017,California,9.99,Jess,Ad Group D,Campaign 1
14499,1178,179866,30-34,M,103,189761,18,27.32999969,4,1,4/24/2017,California,9.99,Tom,Ad Group D,Campaign 1
14501,1178,179868,30-34,M,105,312524,37,53.78999972,2,0,4/25/2017,Texas,9.99,Jess,Ad Group A,Campaign 3
14503,1178,179870,30-34,M,107,496760,42,61.00999904,10,3,4/26/2017,Florida,9.99,Tina,Ad Group E,Campaign 1
14506,1178,179873,30-34,M,110,310988,34,46.66999312,11,3,4/27/2017,Washington,9.99,Tina,Ad Group A,Campaign 3
14507,1178,179874,30-34,M,111,98606,9,12.10999984,1,0,4/28/2017,New York,9.99,Jess,Ad Group B,Campaign 2
14508,1178,179875,30-34,M,112,51104,2,3.199999928,3,1,4/29/2017,California,9.99,Tom,Ad Group D,Campaign 1
14509,1178,179876,30-34,M,113,276762,22,32.09000015,5,1,4/30/2017,Oregon,9.99,Jess,Ad Group D,Campaign 1
14512,1178,179879,35-39,M,101,33534,2,2.960000038,1,1,5/1/2017,California,9.99,Tom,Ad Group B,Campaign 2
14513,1178,179880,35-39,M,102,128859,16,23.69999957,1,0,5/2/2017,Oregon,9.99,Jess,Ad Group D,Campaign 1
14514,1178,179881,35-39,M,103,92080,12,16.94000018,3,2,5/3/2017,Texas,9.99,Tina,Ad Group D,Campaign 1
14516,1178,179883,35-39,M,105,211882,33,46.64999926,3,1,5/4/2017,Washington,9.99,Tina,Ad Group A,Campaign 3
14518,1178,179885,35-39,M,107,112776,9,12.67999995,1,0,5/5/2017,New York,9.99,Jess,Ad Group E,Campaign 1
14519,1178,179886,35-39,M,108,145324,14,19.82000005,2,1,5/6/2017,California,9.99,Tom,Ad Group A,Campaign 3
14520,1178,179887,35-39,M,109,106492,14,21.26000023,2,0,5/7/2017,Oregon,9.99,Jess,Ad Group B,Campaign 2
14521,1178,179888,35-39,M,110,233845,30,40.73000062,3,0,5/8/2017,Main,9.99,Tom,Ad Group D,Campaign 1
14523,1178,179890,35-39,M,112,155426,17,25.01000023,3,0,5/9/2017,New York,9.99,Jess,Ad Group D,Campaign 1
14524,1178,179891,35-39,M,113,97540,8,11.5199995,2,1,5/10/2017,South Carolina,9.99,Tina,Ad Group B,Campaign 2
14525,1178,179892,35-39,M,114,61441,5,7.700000048,1,0,5/11/2017,California,9.99,Tina,Ad Group D,Campaign 1
14526,1178,179893,40-44,M,100,76703,9,12.14999962,3,1,5/12/2017,California,9.99,Jess,Ad Group D,Campaign 1
14527,1178,179894,40-44,M,101,68619,10,14.96000034,1,0,5/13/2017,Texas,9.99,Tom,Ad Group A,Campaign 3
14530,1178,179897,40-44,M,104,17559,1,1.49000001,1,1,5/14/2017,Florida,9.99,Jess,Ad Group E,Campaign 1
14531,1178,179898,40-44,M,105,137879,19,28.47000003,2,0,5/15/2017,Washington,9.99,Tom,Ad Group A,Campaign 3
14532,1178,179899,40-44,M,106,67710,10,15.14999998,1,0,5/16/2017,New York,9.99,Jess,Ad Group B,Campaign 2
14533,1178,179900,40-44,M,107,348180,41,60.22999907,3,1,5/17/2017,California,9.99,Tina,Ad Group D,Campaign 1
14534,1178,179901,40-44,M,108,146246,18,28.71999955,3,1,5/18/2017,Oregon,9.99,Tina,Ad Group D,Campaign 1
14536,1178,179903,40-44,M,110,187236,24,34.86999965,2,2,5/19/2017,California,9.99,Jess,Ad Group B,Campaign 2
14537,1178,179904,40-44,M,111,72157,9,13.50000036,1,1,5/20/2017,Oregon,9.99,Tom,Ad Group D,Campaign 1
14538,1178,179905,40-44,M,112,91180,10,13.55999994,1,0,5/21/2017,Texas,9.99,Jess,Ad Group D,Campaign 1
14539,1178,179906,40-44,M,113,86293,6,9.259999871,1,1,5/22/2017,Washington,9.99,Tom,Ad Group A,Campaign 3
14541,1178,179908,45-49,M,100,101410,12,17.94000006,4,0,5/23/2017,New York,9.99,Jess,Ad Group E,Campaign 1
14543,1178,179910,45-49,M,102,134245,18,25.75000024,2,1,5/24/2017,California,9.99,Tina,Ad Group A,Campaign 3
14545,1178,179912,45-49,M,104,125650,20,30.08000076,4,0,5/25/2017,Oregon,9.99,Tina,Ad Group B,Campaign 2
14546,1178,179913,45-49,M,105,50406,5,7.26000011,1,1,5/26/2017,Main,9.99,Jess,Ad Group D,Campaign 1
14548,1178,179915,45-49,M,107,121769,13,18.41999996,2,1,5/27/2017,New York,9.99,Tom,Ad Group D,Campaign 1
14549,1178,1794044,45-49,M,108,267106,34,50.5,4,1,5/28/2017,South Carolina,9.99,Jess,Ad Group B,Campaign 2
14550,1178,179917,45-49,M,109,365539,57,82.13999915,5,2,5/29/2017,California,9.99,Tom,Ad Group D,Campaign 1
14551,1178,179918,45-49,M,110,188758,25,36.60000038,2,1,5/30/2017,California,9.99,Jess,Ad Group D,Campaign 1
14553,1178,179920,45-49,M,112,108426,13,19.58000016,1,0,5/31/2017,Texas,9.99,Tina,Ad Group A,Campaign 3
14554,1178,179921,45-49,M,113,138525,9,13.65000045,3,0,6/1/2017,Florida,9.99,Tina,Ad Group E,Campaign 1
14555,1178,179922,45-49,M,114,150858,21,30.26000011,1,0,6/2/2017,Washington,9.99,Jess,Ad Group A,Campaign 3
14557,1178,179924,30-34,F,101,524306,81,113.6800029,10,4,6/3/2017,New York,9.99,Tom,Ad Group B,Campaign 2
14558,1178,179925,30-34,F,102,104496,9,11.42999983,3,2,6/4/2017,California,9.99,Jess,Ad Group D,Campaign 1
14559,1178,179926,30-34,F,103,452519,68,99.52000237,7,2,6/5/2017,Oregon,9.99,Tom,Ad Group D,Campaign 1
14560,1178,179927,30-34,F,104,442919,76,110.7800021,21,2,6/6/2017,California,9.99,Jess,Ad Group B,Campaign 2
14561,1178,179928,30-34,F,105,596831,86,120.8799992,11,0,6/7/2017,Oregon,9.99,Tina,Ad Group D,Campaign 1
14562,1178,179929,30-34,F,106,173912,26,35.54000032,2,1,6/8/2017,Texas,9.99,Tina,Ad Group D,Campaign 1
14563,1178,179930,30-34,F,107,780967,86,119.6400018,20,4,6/9/2017,Washington,9.99,Jess,Ad Group A,Campaign 3
14564,1178,179931,30-34,F,108,132124,8,11.18999994,4,0,6/10/2017,New York,9.99,Tom,Ad Group E,Campaign 1
14565,1178,179932,30-34,F,109,623137,100,138.9200006,12,1,6/11/2017,California,9.99,Jess,Ad Group A,Campaign 3
14566,1178,179933,30-34,F,110,99020,10,14.48000044,4,1,6/12/2017,Oregon,9.99,Tom,Ad Group B,Campaign 2
14567,1178,179934,30-34,F,111,665817,117,163.8000002,23,9,6/13/2017,Main,9.99,Jess,Ad Group D,Campaign 1
14568,1178,179935,30-34,F,112,699232,80,111.9899995,12,3,6/14/2017,New York,9.99,Tina,Ad Group D,Campaign 1
14571,1178,179938,35-39,F,100,72982,11,15.04999995,1,0,6/15/2017,South Carolina,9.99,Tina,Ad Group B,Campaign 2
14572,1178,179939,35-39,F,101,975884,167,237.3199975,14,3,6/16/2017,California,9.99,Jess,Ad Group D,Campaign 1
14573,1178,179940,35-39,F,102,245607,33,47.87999952,3,1,6/17/2017,California,9.99,Tom,Ad Group D,Campaign 1
14577,1178,179944,35-39,F,106,485369,114,164.6400015,3,0,6/18/2017,Texas,9.99,Jess,Ad Group A,Campaign 3
14578,1178,179945,35-39,F,107,866355,139,200.8299961,11,5,6/19/2017,Florida,9.99,Tom,Ad Group E,Campaign 1
14579,1178,179946,35-39,F,108,502710,72,105.2199969,8,2,6/20/2017,Washington,9.99,Jess,Ad Group A,Campaign 3
14580,1178,179947,35-39,F,109,475184,88,127.3200028,4,1,6/21/2017,New York,9.99,Tina,Ad Group B,Campaign 2
14581,1178,179948,35-39,F,110,357401,47,68.67000008,8,1,6/22/2017,California,9.99,Tina,Ad Group D,Campaign 1
14582,1178,179949,35-39,F,111,99810,14,20.05000019,2,0,6/23/2017,Oregon,9.99,Jess,Ad Group D,Campaign 1
14583,1178,179950,35-39,F,112,81569,6,9.409999967,3,1,6/24/2017,California,9.99,Tom,Ad Group B,Campaign 2
14584,1178,179951,35-39,F,113,441192,53,77.59999979,6,2,6/25/2017,Oregon,9.99,Jess,Ad Group D,Campaign 1
14585,1178,179952,35-39,F,114,90470,11,16.73000002,1,1,6/26/2017,Texas,9.99,Tom,Ad Group D,Campaign 1
14586,1178,179953,40-44,F,100,834243,166,246.7499975,18,7,6/27/2017,Washington,9.99,Jess,Ad Group A,Campaign 3
14587,1178,179954,40-44,F,101,696612,152,223.1899948,31,9,6/28/2017,New York,9.99,Tina,Ad Group E,Campaign 1
14588,1178,179955,40-44,F,102,329333,48,67.60999918,1,0,6/29/2017,California,9.99,Tina,Ad Group A,Campaign 3
14589,1178,179956,40-44,F,103,1114711,224,319.0000019,6,0,6/30/2017,Oregon,9.99,Jess,Ad Group B,Campaign 2
14590,1178,179957,40-44,F,104,267316,58,82.92999887,3,0,7/1/2017,Main,9.99,Tom,Ad Group D,Campaign 1
14591,1178,179958,40-44,F,105,228629,38,57,2,0,7/2/2017,New York,9.99,Jess,Ad Group D,Campaign 1
14592,1178,179959,40-44,F,106,758340,159,233.110002,13,4,7/3/2017,South Carolina,9.99,Tom,Ad Group B,Campaign 2
14593,1178,179960,40-44,F,107,877535,149,217.7799966,5,2,7/4/2017,California,9.99,Jess,Ad Group D,Campaign 1
14594,1178,179961,40-44,F,108,1357386,223,323.0600071,10,1,7/5/2017,California,9.99,Tina,Ad Group D,Campaign 1
14595,1178,179962,40-44,F,109,280240,61,87.99000168,2,2,7/6/2017,Texas,9.99,Tina,Ad Group A,Campaign 3
14596,1178,179963,40-44,F,110,419922,75,105.4500008,3,1,7/7/2017,Florida,9.99,Jess,Ad Group E,Campaign 1
14597,1178,179964,40-44,F,111,402975,83,120.8999977,1,0,7/8/2017,Washington,9.99,Tom,Ad Group A,Campaign 3
14598,1178,179965,40-44,F,112,1137635,211,301.0499992,30,10,7/9/2017,New York,9.99,Jess,Ad Group B,Campaign 2
14600,1178,179967,40-44,F,114,250234,40,62.31999922,4,1,7/10/2017,California,9.99,Tom,Ad Group D,Campaign 1
14601,1178,179968,45-49,F,100,904907,195,279.219995,11,1,7/11/2017,Oregon,9.99,Jess,Ad Group D,Campaign 1
14602,1178,179969,45-49,F,101,589270,107,158.0500023,10,4,7/12/2017,California,9.99,Tina,Ad Group B,Campaign 2
14603,1178,179970,45-49,F,102,168714,24,36.01000071,2,2,7/13/2017,Oregon,9.99,Tina,Ad Group D,Campaign 1
14604,1178,179971,45-49,F,103,71982,11,16.34000051,1,0,7/14/2017,Texas,9.99,Jess,Ad Group D,Campaign 1
14605,1178,179972,45-49,F,104,558666,110,162.6399975,14,5,7/15/2017,Washington,9.99,Tom,Ad Group A,Campaign 3
14606,1178,179973,45-49,F,105,1118200,235,333.7499943,11,4,7/16/2017,New York,9.99,Jess,Ad Group E,Campaign 1
14607,1178,179974,45-49,F,106,107100,23,33.71000051,1,0,7/17/2017,California,9.99,Tom,Ad Group A,Campaign 3
14608,1178,179975,45-49,F,107,877769,160,232.5900005,13,4,7/18/2017,Oregon,9.99,Jess,Ad Group B,Campaign 2
14609,1178,179976,45-49,F,108,212508,33,47.69000006,4,1,7/19/2017,Main,9.99,Tina,Ad Group D,Campaign 1
14610,1178,179977,45-49,F,109,1129773,252,358.189997,13,2,7/20/2017,New York,9.99,Tina,Ad Group D,Campaign 1
14611,1178,179978,45-49,F,110,637549,120,173.8800035,3,0,7/21/2017,South Carolina,9.99,Jess,Ad Group B,Campaign 2
14612,1178,179979,45-49,F,111,151531,28,40.28999949,2,0,7/22/2017,California,9.99,Tom,Ad Group D,Campaign 1
14614,1178,179981,45-49,F,113,790253,135,198.7100005,8,2,7/23/2017,California,9.99,Jess,Ad Group D,Campaign 1
14615,1178,179982,45-49,F,114,513161,114,165.6099987,5,2,7/24/2017,Texas,9.99,Tom,Ad Group A,Campaign 3
